response_id,research_id,respondent_id,object,translated_response,originality_rater02,utility_rater02,originality_rater01,utility_rater01
1,CEG202201,cmpl-4zrXKRorn55iQY1NXc3Vq3WKCLtyf,book,doorstop,NA,NA,2,5
2,CEG202202,cmpl-4zrXKRorn55iQY1NXc3Vq3WKCLtyf,book,start a fire,NA,NA,2,4
3,CEG202203,cmpl-4zrXKRorn55iQY1NXc3Vq3WKCLtyf,book,prop up a table or chair leg,2,4,3,4
4,CEG202204,cmpl-4zrXKRorn55iQY1NXc3Vq3WKCLtyf,book,paperweight,NA,NA,2,5
5,CEG202205,cmpl-4zrXKRorn55iQY1NXc3Vq3WKCLtyf,book,make art such as by decoupaging it onto a canvas or,NA,NA,2,5
6,CEG202206,cmpl-4zrXMnec5vnPs9Rno0qAGOwJ1vslr,book,door stop,NA,NA,2,5
7,CEG202207,cmpl-4zrXMnec5vnPs9Rno0qAGOwJ1vslr,book,start a fire,NA,NA,2,4
8,CEG202208,cmpl-4zrXMnec5vnPs9Rno0qAGOwJ1vslr,book,prop up a table or chair leg,2,4,3,4
9,CEG202209,cmpl-4zrXMnec5vnPs9Rno0qAGOwJ1vslr,book,paperweight,NA,NA,2,5
10,CEG202210,cmpl-4zrXMnec5vnPs9Rno0qAGOwJ1vslr,book,make a collage or sculpture,NA,NA,3,4
12,CEG202211,cmpl-4zrXQbOmAJISuhk3fFIZO2SLmBq6x,book,door stop,NA,NA,2,5
13,CEG202212,cmpl-4zrXQbOmAJISuhk3fFIZO2SLmBq6x,book,prop up a table or chair leg,2,4,3,4
14,CEG202213,cmpl-4zrXQbOmAJISuhk3fFIZO2SLmBq6x,book,paperweight,NA,NA,2,5
15,CEG202214,cmpl-4zrXQbOmAJISuhk3fFIZO2SLmBq6x,book,make collage or scrapbook,NA,NA,2,5
16,CEG202215,cmpl-4zrXQbOmAJISuhk3fFIZO2SLmBq6x,book,cut up and used as confetti or streamers,NA,NA,3,4
17,CEG202216,cmpl-4zrXTQbtU9GwZ4dGDpd5xEyBovRHV,book,doorstop,NA,NA,2,5
18,CEG202217,cmpl-4zrXTQbtU9GwZ4dGDpd5xEyBovRHV,book,start a fire,NA,NA,2,4
19,CEG202218,cmpl-4zrXTQbtU9GwZ4dGDpd5xEyBovRHV,book,paperweight,NA,NA,2,5
20,CEG202219,cmpl-4zrXTQbtU9GwZ4dGDpd5xEyBovRHV,book,prop up a wobbly table leg,NA,NA,3,4
21,CEG202220,cmpl-4zrXTQbtU9GwZ4dGDpd5xEyBovRHV,book,coaster for drinks (to prevent water rings on furniture),2,5,2,5
21,CEG202220,cmpl-4zrXTQbtU9GwZ4dGDpd5xEyBovRHV,book,door holder,NA,NA,2,5
22,CEG202221,cmpl-4zrXXun99WGqMfqFcnvX9fpzWmy05,book,doorstop,NA,NA,2,5
23,CEG202222,cmpl-4zrXXun99WGqMfqFcnvX9fpzWmy05,book,hold open window,NA,NA,2,5
24,CEG202223,cmpl-4zrXXun99WGqMfqFcnvX9fpzWmy05,book,coaster for hot beverage,NA,NA,2,5
25,CEG202224,cmpl-4zrXXun99WGqMfqFcnvX9fpzWmy05,book,level a table or shelf,2,4,3,4
26,CEG202225,cmpl-4zrXXun99WGqMfqFcnvX9fpzWmy05,book,used as an improvised weapon in self-defense or attack,NA,NA,2,3
27,CEG202226,cmpl-4zrXajQqVizh2rVJ8hn6PxNaA8Q24,book,Make a book into a lampshade,NA,NA,4,3
28,CEG202227,cmpl-4zrXajQqVizh2rVJ8hn6PxNaA8Q24,book,Turn an old book into a secret compartment,NA,NA,3,4
29,CEG202228,cmpl-4zrXajQqVizh2rVJ8hn6PxNaA8Q24,book,Use books as coasters for your drinks,NA,NA,2,5
30,CEG202229,cmpl-4zrXajQqVizh2rVJ8hn6PxNaA8Q24,book,Build a fort out of old books,NA,NA,4,3
31,CEG202230,cmpl-4zrXajQqVizh2rVJ8hn6PxNaA8Q24,book,Donate books to your local library or hospital waiting room,NA,NA,1,5
32,CEG202231,cmpl-4zrXajQqVizh2rVJ8hn6PxNaA8Q24,book,Give new twist to old favorite by reading it in character voices,NA,NA,1,5
33,CEG202232,cmpl-4zrXf5f89HctStj42UI8NCmMxujME,book,doorstop,NA,NA,2,5
34,CEG202233,cmpl-4zrXf5f89HctStj42UI8NCmMxujME,book,start a fire,NA,NA,2,4
35,CEG202234,cmpl-4zrXf5f89HctStj42UI8NCmMxujME,book,paperweight,NA,NA,2,5
36,CEG202235,cmpl-4zrXf5f89HctStj42UI8NCmMxujME,book,prop up a wobbly table or chair,2,4,3,4
37,CEG202236,cmpl-4zrXf5f89HctStj42UI8NCmMxujME,book,weapon (for self-defense or attack),NA,NA,3,3
38,CEG202237,cmpl-4zrXkWn3QroeYera2G3vBEECCSUZR,book,doorstop,NA,NA,2,5
39,CEG202238,cmpl-4zrXkWn3QroeYera2G3vBEECCSUZR,book,paperweight,NA,NA,2,5
40,CEG202239,cmpl-4zrXkWn3QroeYera2G3vBEECCSUZR,book,prop up a wobbly table leg,NA,NA,3,4
41,CEG202240,cmpl-4zrXkWn3QroeYera2G3vBEECCSUZR,book,make a small shelf or ledge,NA,NA,3,4
42,CEG202241,cmpl-4zrXkWn3QroeYera2G3vBEECCSUZR,book,hold open window or door,NA,NA,2,5
43,CEG202242,cmpl-4zrXnYW4L6EpsvEUL9J88oKsjzqy7,book,doorstop,NA,NA,2,5
44,CEG202243,cmpl-4zrXnYW4L6EpsvEUL9J88oKsjzqy7,book,level a table or shelf,2,4,3,4
45,CEG202244,cmpl-4zrXnYW4L6EpsvEUL9J88oKsjzqy7,book,paperweight,NA,NA,2,5
46,CEG202245,cmpl-4zrXnYW4L6EpsvEUL9J88oKsjzqy7,book,make a impromptu stool or chair,3,3,3,3
47,CEG202246,cmpl-4zrXnYW4L6EpsvEUL9J88oKsjzqy7,book,used in place of a cutting board when slicing vegetables or meat,NA,NA,4,4
48,CEG202247,cmpl-4zrXsIbRn4NTwafnBiFtZpy7tUdHA,book,doorstop,NA,NA,2,5
49,CEG202248,cmpl-4zrXsIbRn4NTwafnBiFtZpy7tUdHA,book,keep a table level,NA,NA,3,4
50,CEG202249,cmpl-4zrXsIbRn4NTwafnBiFtZpy7tUdHA,book,make paperweight,NA,NA,2,5
51,CEG202250,cmpl-4zrXsIbRn4NTwafnBiFtZpy7tUdHA,book,coaster for hot drinks,NA,NA,2,5
52,CEG202251,cmpl-4zrXsIbRn4NTwafnBiFtZpy7tUdHA,book,hold open window or door,NA,NA,2,5
54,CEG202252,cmpl-4zrXwohDOcU3F1Hq56ynSVY02H2j0,book,doorstop,NA,NA,2,5
55,CEG202253,cmpl-4zrXwohDOcU3F1Hq56ynSVY02H2j0,book,start a fire in an emergency situation,NA,NA,2,4
56,CEG202254,cmpl-4zrXwohDOcU3F1Hq56ynSVY02H2j0,book,coaster for your beverage,NA,NA,2,5
57,CEG202255,cmpl-4zrXwohDOcU3F1Hq56ynSVY02H2j0,book,level a table or surface,NA,NA,3,4
58,CEG202256,cmpl-4zrXwohDOcU3F1Hq56ynSVY02H2j0,book,used as decoration on a shelf or mantelpiece,NA,NA,2,4
59,CEG202257,cmpl-4zrY03WpMeCA0AmJeADkzuTSPggZW,book,doorstop,NA,NA,2,5
60,CEG202258,cmpl-4zrY03WpMeCA0AmJeADkzuTSPggZW,book,start a fire,NA,NA,2,4
61,CEG202259,cmpl-4zrY03WpMeCA0AmJeADkzuTSPggZW,book,prop up a table,NA,NA,3,4
62,CEG202260,cmpl-4zrY03WpMeCA0AmJeADkzuTSPggZW,book,paperweight,NA,NA,2,5
62,CEG202260,cmpl-4zrY03WpMeCA0AmJeADkzuTSPggZW,book,hold open door,NA,NA,2,5
63,CEG202261,cmpl-4zrY03WpMeCA0AmJeADkzuTSPggZW,book,hold open window,NA,NA,2,5
64,CEG202262,cmpl-4zrY03WpMeCA0AmJeADkzuTSPggZW,book,make a paper,NA,NA,1,4
65,CEG202263,cmpl-4zrY43R3rQ3No2WeD92L3z2neSrOb,book,doorstop,NA,NA,2,5
66,CEG202264,cmpl-4zrY43R3rQ3No2WeD92L3z2neSrOb,book,level a table or shelf,2,4,3,4
67,CEG202265,cmpl-4zrY43R3rQ3No2WeD92L3z2neSrOb,book,paperweight,NA,NA,2,5
68,CEG202266,cmpl-4zrY43R3rQ3No2WeD92L3z2neSrOb,book,make collage or scrapbook,NA,NA,2,5
69,CEG202267,cmpl-4zrY43R3rQ3No2WeD92L3z2neSrOb,book,used as kindling for a fire,NA,NA,2,4
821,CEG202268,cmpl-4zrY43R3rQ3No2WeD92L3z2neSrOb,book,bottle,NA,NA,4,1
70,CEG202268,cmpl-4zrY43R3rQ3No2WeD92L3z2neSrOb,book,can,NA,NA,4,1
71,CEG202269,cmpl-4zrY7biIuR673z5KZea1gP4gUMbXw,book,doorstop,NA,NA,2,5
72,CEG202270,cmpl-4zrY7biIuR673z5KZea1gP4gUMbXw,book,level a table or other surface,NA,NA,3,4
73,CEG202271,cmpl-4zrY7biIuR673z5KZea1gP4gUMbXw,book,prop up a wobbly chair or couch,2,4,3,4
74,CEG202272,cmpl-4zrY7biIuR673z5KZea1gP4gUMbXw,book,paperweight,NA,NA,2,5
75,CEG202273,cmpl-4zrY7biIuR673z5KZea1gP4gUMbXw,book,door stop in open doorway to help,NA,NA,2,5
76,CEG202274,cmpl-4zrYCltQ18NBmTUndQEolfNeRJhmu,book,doorstop,NA,NA,2,5
77,CEG202275,cmpl-4zrYCltQ18NBmTUndQEolfNeRJhmu,book,level a table or shelf,2,4,3,4
78,CEG202276,cmpl-4zrYCltQ18NBmTUndQEolfNeRJhmu,book,paperweight,NA,NA,2,5
79,CEG202277,cmpl-4zrYCltQ18NBmTUndQEolfNeRJhmu,book,keep papers from blowing away in wind,2,5,2,5
80,CEG202278,cmpl-4zrYCltQ18NBmTUndQEolfNeRJhmu,book,make a small step stool,3,3,3,4
81,CEG202279,cmpl-4zrYCltQ18NBmTUndQEolfNeRJhmu,book,book,NA,NA,1,5
82,CEG202280,cmpl-4zrYH49qGBQRZzNi4eQHpNxlQUABG,book,doorstop,NA,NA,2,5
83,CEG202281,cmpl-4zrYH49qGBQRZzNi4eQHpNxlQUABG,book,prop up a wobbly table,NA,NA,3,4
84,CEG202282,cmpl-4zrYH49qGBQRZzNi4eQHpNxlQUABG,book,make paper airplane,NA,NA,2,5
85,CEG202283,cmpl-4zrYH49qGBQRZzNi4eQHpNxlQUABG,book,used as kindling for a fire,NA,NA,2,4
86,CEG202284,cmpl-4zrYH49qGBQRZzNi4eQHpNxlQUABG,book,absorb spilled liquid,NA,NA,4,3
87,CEG202285,cmpl-4zrYH49qGBQRZzNi4eQHpNxlQUABG,book,collection of books,NA,NA,2,5
88,CEG202286,cmpl-4zrYM3srgr0AI600HuaSfbe20ECSu,book,door stop,NA,NA,2,5
89,CEG202287,cmpl-4zrYM3srgr0AI600HuaSfbe20ECSu,book,level a table,2,4,3,4
90,CEG202288,cmpl-4zrYM3srgr0AI600HuaSfbe20ECSu,book,prop up a wobbly chair,2,4,3,4
91,CEG202289,cmpl-4zrYM3srgr0AI600HuaSfbe20ECSu,book,paperweight,NA,NA,2,5
92,CEG202290,cmpl-4zrYM3srgr0AI600HuaSfbe20ECSu,book,make a small stool or side table,NA,NA,3,3
94,CEG202291,cmpl-4zrYSw9ZuzkGoOZpvQWkzfHkJCPVP,book,doorstop,NA,NA,2,5
95,CEG202292,cmpl-4zrYSw9ZuzkGoOZpvQWkzfHkJCPVP,book,level a table or chair,2,4,3,4
96,CEG202293,cmpl-4zrYSw9ZuzkGoOZpvQWkzfHkJCPVP,book,paperweight,NA,NA,2,5
96,CEG202293,cmpl-4zrYSw9ZuzkGoOZpvQWkzfHkJCPVP,book,prop open door,NA,NA,2,5
97,CEG202294,cmpl-4zrYSw9ZuzkGoOZpvQWkzfHkJCPVP,book,prop open window,NA,NA,2,5
98,CEG202295,cmpl-4zrYSw9ZuzkGoOZpvQWkzfHkJCPVP,book,coaster for hot beverage,NA,NA,2,5
100,CEG202296,cmpl-4zrYYESZQhEvKOpsl2Y3ne59QvPUs,book,doorstop,NA,NA,2,5
101,CEG202297,cmpl-4zrYYESZQhEvKOpsl2Y3ne59QvPUs,book,level a table or chair,2,4,3,4
102,CEG202298,cmpl-4zrYYESZQhEvKOpsl2Y3ne59QvPUs,book,paperweight,NA,NA,2,5
103,CEG202299,cmpl-4zrYYESZQhEvKOpsl2Y3ne59QvPUs,book,prop up a wobbly leg on a piece of furniture,NA,NA,3,4
104,CEG202300,cmpl-4zrYYESZQhEvKOpsl2Y3ne59QvPUs,book,used as fuel for a fire,NA,NA,2,4
105,CEG202301,cmpl-4zrYcXgHic5zBGK8skxbt7IwK8Ok2,book,door stop,NA,NA,2,5
106,CEG202302,cmpl-4zrYcXgHic5zBGK8skxbt7IwK8Ok2,book,level a table or shelf,2,4,3,4
107,CEG202303,cmpl-4zrYcXgHic5zBGK8skxbt7IwK8Ok2,book,prop up a wobbly chair or table leg,2,4,3,4
108,CEG202304,cmpl-4zrYcXgHic5zBGK8skxbt7IwK8Ok2,book,paperweight,NA,NA,2,5
109,CEG202305,cmpl-4zrYcXgHic5zBGK8skxbt7IwK8Ok2,book,smash spiders or other bugs,NA,NA,2,5
110,CEG202306,cmpl-4zrYhuBnwno40N3NzfKumie34U6k8,book,doorstop,NA,NA,2,5
111,CEG202307,cmpl-4zrYhuBnwno40N3NzfKumie34U6k8,book,level a table or chair,2,4,3,4
112,CEG202308,cmpl-4zrYhuBnwno40N3NzfKumie34U6k8,book,paperweight,NA,NA,2,5
113,CEG202309,cmpl-4zrYhuBnwno40N3NzfKumie34U6k8,book,prop up a wobbly table leg,NA,NA,3,4
114,CEG202310,cmpl-4zrYhuBnwno40N3NzfKumie34U6k8,book,used as kindling for a fire,NA,NA,2,4
115,CEG202311,cmpl-4zrYhuBnwno40N3NzfKumie34U6k8,book,book,NA,NA,1,5
116,CEG202312,cmpl-4zrYkCsqHkasbROCFVWUUjNxTKWA5,book,Make a book into a lampshade,NA,NA,4,3
822,CEG202313,cmpl-4zrYkCsqHkasbROCFVWUUjNxTKWA5,book,timer,NA,NA,5,2
117,CEG202313,cmpl-4zrYkCsqHkasbROCFVWUUjNxTKWA5,book,clock by gluing numbers to the cover and attaching hands,NA,NA,5,2
118,CEG202314,cmpl-4zrYkCsqHkasbROCFVWUUjNxTKWA5,book,Create a sculpture or collage by decoupaging old book pages onto an object,NA,NA,3,4
119,CEG202315,cmpl-4zrYkCsqHkasbROCFVWUUjNxTKWA5,book,Make coasters out ofbook pages sealed with mod podge.,2,4,2,4
120,CEG202316,cmpl-4zrYkCsqHkasbROCFVWUUjNxTKWA5,book,Fold pages of old book,NA,NA,2,5
121,CEG202317,cmpl-4zrYpCuQ5hsc5BzfI4p1eiCINiTKw,book,doorstop,NA,NA,2,5
122,CEG202318,cmpl-4zrYpCuQ5hsc5BzfI4p1eiCINiTKw,book,level a table or shelf,2,4,3,4
123,CEG202319,cmpl-4zrYpCuQ5hsc5BzfI4p1eiCINiTKw,book,paperweight,NA,NA,2,5
124,CEG202320,cmpl-4zrYpCuQ5hsc5BzfI4p1eiCINiTKw,book,make a collage or sculpture,NA,NA,2,4
125,CEG202321,cmpl-4zrYpCuQ5hsc5BzfI4p1eiCINiTKw,book,used as fuel for a fire,NA,NA,2,4
127,CEG202322,cmpl-4zrYsthVkMmBWLB5euet6UOY3DuCE,book,door stop,NA,NA,2,5
128,CEG202323,cmpl-4zrYsthVkMmBWLB5euet6UOY3DuCE,book,balance a wobbly table,NA,NA,3,4
129,CEG202324,cmpl-4zrYsthVkMmBWLB5euet6UOY3DuCE,book,paperweight,NA,NA,2,5
130,CEG202325,cmpl-4zrYsthVkMmBWLB5euet6UOY3DuCE,book,prop up a wonky picture frame,NA,NA,3,4
131,CEG202326,cmpl-4zrYsthVkMmBWLB5euet6UOY3DuCE,book,make a small stool more comfortable,3,3,3,3
133,CEG202327,cmpl-4zrYvKNbYe9QLba3L9kPiyeRSNAdt,book,doorstop,NA,NA,2,5
134,CEG202328,cmpl-4zrYvKNbYe9QLba3L9kPiyeRSNAdt,book,prop up a wobbly table,NA,NA,3,4
135,CEG202329,cmpl-4zrYvKNbYe9QLba3L9kPiyeRSNAdt,book,coaster for your cold beverage,NA,NA,2,5
136,CEG202330,cmpl-4zrYvKNbYe9QLba3L9kPiyeRSNAdt,book,hold open window,NA,NA,2,5
137,CEG202331,cmpl-4zrYvKNbYe9QLba3L9kPiyeRSNAdt,book,can serve as paperweight on your desk,2,5,1,5
139,CEG202332,cmpl-4zrYzrBuvP3imgFgz5iKgDWoCMvF2,book,Make a book into a clock by attaching clock hands to the cover,NA,NA,5,2
140,CEG202333,cmpl-4zrYzrBuvP3imgFgz5iKgDWoCMvF2,book,secret hiding place by cutting out square hole in center of pages,NA,NA,3,5
141,CEG202334,cmpl-4zrYzrBuvP3imgFgz5iKgDWoCMvF2,book,Use an old book as decoration by stacking it on top of other books or placing it in an empty frame,NA,NA,3,3
142,CEG202335,cmpl-4zrYzrBuvP3imgFgz5iKgDWoCMvF2,book,Repurpose a hardcover book into a photo,NA,NA,3,4
143,CEG202336,cmpl-4zrZ42wRutcDFNibsKTG97iSLThCM,book,doorstop,NA,NA,2,5
144,CEG202337,cmpl-4zrZ42wRutcDFNibsKTG97iSLThCM,book,level a table,2,4,3,4
145,CEG202338,cmpl-4zrZ42wRutcDFNibsKTG97iSLThCM,book,prop up a wobbly chair,2,4,3,4
146,CEG202339,cmpl-4zrZ42wRutcDFNibsKTG97iSLThCM,book,paperweight,NA,NA,2,5
147,CEG202340,cmpl-4zrZ42wRutcDFNibsKTG97iSLThCM,book,make a papier-mâché mask or sculpture,NA,NA,3,3
147,CEG202341,cmpl-4zrZ42wRutcDFNibsKTG97iSLThCM,book,make a papier-mache mask or sculpture,NA,NA,3,3
148,CEG202342,cmpl-4zrZ6iqXWuJnn7X7Ou7Up61L217rn,book,doorstop,NA,NA,2,5
149,CEG202343,cmpl-4zrZ6iqXWuJnn7X7Ou7Up61L217rn,book,start a fire,NA,NA,2,4
150,CEG202344,cmpl-4zrZ6iqXWuJnn7X7Ou7Up61L217rn,book,coaster for your drink,2,5,2,5
151,CEG202345,cmpl-4zrZ6iqXWuJnn7X7Ou7Up61L217rn,book,prop up a table or shelf,NA,NA,3,4
152,CEG202346,cmpl-4zrZ6iqXWuJnn7X7Ou7Up61L217rn,book,cut up and made into paper airplanes or origami shapes,NA,NA,2,4
153,CEG202347,cmpl-4zrZAUmJ0wliAvLrrK2j6rzVmvpKC,book,doorstop,NA,NA,2,5
154,CEG202348,cmpl-4zrZAUmJ0wliAvLrrK2j6rzVmvpKC,book,level a table or piece of furniture,NA,NA,3,4
155,CEG202349,cmpl-4zrZAUmJ0wliAvLrrK2j6rzVmvpKC,book,paperweight,NA,NA,2,5
156,CEG202350,cmpl-4zrZAUmJ0wliAvLrrK2j6rzVmvpKC,book,decorate a room or shelf,2,5,2,4
157,CEG202351,cmpl-4zrZAUmJ0wliAvLrrK2j6rzVmvpKC,book,used as part of a centerpieces for a party or event,NA,NA,2,4
158,CEG202352,cmpl-4zrZF2zTP1YbQKy7UTpONmDqWXo46,book,doorstop,NA,NA,2,5
159,CEG202353,cmpl-4zrZF2zTP1YbQKy7UTpONmDqWXo46,book,level a table or other surface,NA,NA,3,4
160,CEG202354,cmpl-4zrZF2zTP1YbQKy7UTpONmDqWXo46,book,prop open window,NA,NA,2,5
161,CEG202355,cmpl-4zrZF2zTP1YbQKy7UTpONmDqWXo46,book,coaster for hot beverage,NA,NA,2,5
162,CEG202356,cmpl-4zrZF2zTP1YbQKy7UTpONmDqWXo46,book,weight to hold down papers or other materials,NA,NA,2,5
163,CEG202357,cmpl-4zrZJMEPvTCpbwtqgGBNie7DjeQCO,fork,Use it as a back scratcher,2,5,2,5
164,CEG202358,cmpl-4zrZJMEPvTCpbwtqgGBNie7DjeQCO,fork,Use it to pick up small items like coins or beads,2,5,2,5
165,CEG202359,cmpl-4zrZJMEPvTCpbwtqgGBNie7DjeQCO,fork,Use it as a hairpin or hair tie,2,4,2,4
166,CEG202360,cmpl-4zrZJMEPvTCpbwtqgGBNie7DjeQCO,fork,Turn it into a miniature shovel for potted plants,2,4,2,4
167,CEG202361,cmpl-4zrZJMEPvTCpbwtqgGBNie7DjeQCO,fork,Stick it in the ground to mark your spot in a park,2,5,2,5
168,CEG202362,cmpl-4zrZNd7OIfqxjARAb99vs1sxpMxRI,fork,back scratcher,2,5,2,5
169,CEG202363,cmpl-4zrZNd7OIfqxjARAb99vs1sxpMxRI,fork,pick up small items like rice or beans,1,5,1,5
170,CEG202364,cmpl-4zrZNd7OIfqxjARAb99vs1sxpMxRI,fork,apply makeup such as lip gloss or mascara,3,2,3,2
171,CEG202365,cmpl-4zrZNd7OIfqxjARAb99vs1sxpMxRI,fork,clean dirt and grime out of small crevices and corners,2,5,2,5
172,CEG202366,cmpl-4zrZNd7OIfqxjARAb99vs1sxpMxRI,fork,fork,1,5,1,5
173,CEG202367,cmpl-4zrZSDPDs3Az2uXgUA9QLBOn42eMw,fork,eat food,1,5,1,5
174,CEG202368,cmpl-4zrZSDPDs3Az2uXgUA9QLBOn42eMw,fork,hold food while cutting it with a knife,1,5,1,5
175,CEG202369,cmpl-4zrZSDPDs3Az2uXgUA9QLBOn42eMw,fork,spear food,1,5,1,5
174,CEG202367,cmpl-4zrZSDPDs3Az2uXgUA9QLBOn42eMw,fork,pick up food from floor,1,5,1,5
176,CEG202370,cmpl-4zrZSDPDs3Az2uXgUA9QLBOn42eMw,fork,pick up food that has fallen on floor,1,5,1,5
177,CEG202371,cmpl-4zrZSDPDs3Az2uXgUA9QLBOn42eMw,fork,back scratcher,2,5,2,5
179,CEG202372,cmpl-4zrZWebxU7t3KID75VgorICiQ98tS,fork,back scratcher,2,5,2,5
180,CEG202373,cmpl-4zrZWebxU7t3KID75VgorICiQ98tS,fork,comb your hair,2,4,2,4
181,CEG202374,cmpl-4zrZWebxU7t3KID75VgorICiQ98tS,fork,toothpick,2,4,2,4
182,CEG202375,cmpl-4zrZWebxU7t3KID75VgorICiQ98tS,fork,scrape dirt off your shoes,2,5,2,5
183,CEG202376,cmpl-4zrZWebxU7t3KID75VgorICiQ98tS,fork,pick up small objects like paperclips or beads,2,5,2,5
184,CEG202377,cmpl-4zrZWebxU7t3KID75VgorICiQ98tS,fork,fork,1,5,1,5
185,CEG202378,cmpl-4zrZY4nYblpqmzHy9W3YWvhChz4N6,fork,toothpick,2,4,2,4
186,CEG202379,cmpl-4zrZY4nYblpqmzHy9W3YWvhChz4N6,fork,make small holes in fabric so that you can thread ribbon or string through it to create decorations,3,4,3,4
187,CEG202380,cmpl-4zrZY4nYblpqmzHy9W3YWvhChz4N6,fork,makeshift chopsticks when eating rice or noodles,2,4,2,4
188,CEG202381,cmpl-4zrZY4nYblpqmzHy9W3YWvhChz4N6,fork,play the steel pan drums,3,5,3,5
190,CEG202382,cmpl-4zrZdUvDG0St0SuFktOwf4gs47zNp,fork,hairpin,2,4,2,4
191,CEG202383,cmpl-4zrZdUvDG0St0SuFktOwf4gs47zNp,fork,toothpick,2,4,2,4
192,CEG202384,cmpl-4zrZdUvDG0St0SuFktOwf4gs47zNp,fork,remove splinters,2,3,2,3
193,CEG202385,cmpl-4zrZdUvDG0St0SuFktOwf4gs47zNp,fork,clean under your fingernails,2,5,2,5
194,CEG202386,cmpl-4zrZdUvDG0St0SuFktOwf4gs47zNp,fork,can double as chopstick holder,2,4,2,5
195,CEG202387,cmpl-4zrZdUvDG0St0SuFktOwf4gs47zNp,fork,Use the tines of a fork,1,4,1,4
196,CEG202388,cmpl-4zrZhgIyBhnNWABiT0OfdrsodCcvI,fork,Use a fork to eat soup without making a mess,2,3,2,3
197,CEG202389,cmpl-4zrZhgIyBhnNWABiT0OfdrsodCcvI,fork,Use a fork to eat spaghetti without making a mess,1,5,1,5
198,CEG202390,cmpl-4zrZhgIyBhnNWABiT0OfdrsodCcvI,fork,Use a fork to eat salad without making a mess,1,5,1,5
199,CEG202391,cmpl-4zrZhgIyBhnNWABiT0OfdrsodCcvI,fork,Use a fork as a makeshift spoon if you don't have one handy,2,4,2,4
200,CEG202392,cmpl-4zrZhgIyBhnNWABiT0OfdrsodCcvI,fork,use two forks stuck together tine-side out to make impromptu chopsticks,2,4,2,4
201,CEG202393,cmpl-4zrZjikiz5Bp8OUolwkQmV6EoHVfC,fork,Eat like a king or queen with your very own fork!,2,4,2,4
202,CEG202394,cmpl-4zrZjikiz5Bp8OUolwkQmV6EoHVfC,fork,Use it as a bookmark!,2,5,2,5
203,CEG202395,cmpl-4zrZjikiz5Bp8OUolwkQmV6EoHVfC,fork,Give your pet cat or dog a bath with the help of your trusty fork,3,3,3,3
204,CEG202396,cmpl-4zrZjikiz5Bp8OUolwkQmV6EoHVfC,fork,Get rid of pesky bugs in your home by shooing them away with a fork,3,3,3,3
206,CEG202397,cmpl-4zrZn3pRQCA9tRNajvLHknkm5sC1K,fork,Using a fork to eat spaghetti instead of a spoon,1,5,1,5
207,CEG202398,cmpl-4zrZn3pRQCA9tRNajvLHknkm5sC1K,fork,Using a fork to apply makeup instead of a brush,3,2,3,2
208,CEG202399,cmpl-4zrZn3pRQCA9tRNajvLHknkm5sC1K,fork,Using a fork as a backscratcher,2,5,2,5
209,CEG202400,cmpl-4zrZn3pRQCA9tRNajvLHknkm5sC1K,fork,Using a fork to play the violin,4,2,4,2
210,CEG202401,cmpl-4zrZn3pRQCA9tRNajvLHknkm5sC1K,fork,Using a fork to open bottles or cans,2,4,2,4
211,CEG202402,cmpl-4zrZn3pRQCA9tRNajvLHknkm5sC1K,fork,Using forks as chopsticks,2,4,2,4
212,CEG202403,cmpl-4zrZn3pRQCA9tRNajvLHknkm5sC1K,fork,Creating art with,3,3,3,3
213,CEG202404,cmpl-4zrZqhtBWfKrFwRr3cP7sCW8d8PYm,fork,back scratcher,2,5,2,5
214,CEG202405,cmpl-4zrZqhtBWfKrFwRr3cP7sCW8d8PYm,fork,play the xylophone,3,4,3,4
215,CEG202406,cmpl-4zrZqhtBWfKrFwRr3cP7sCW8d8PYm,fork,toothpick,2,4,2,4
216,CEG202407,cmpl-4zrZqhtBWfKrFwRr3cP7sCW8d8PYm,fork,If you put a rubber band around the tines of a fork it becomes a mini-trampoline for ants or other small insects,5,2,5,2
218,CEG202408,cmpl-4zrZvmychPlDCIbEldT5F8zqS2hVa,fork,back scratcher,2,5,2,5
219,CEG202409,cmpl-4zrZvmychPlDCIbEldT5F8zqS2hVa,fork,pick up food that is out of reach,2,5,2,5
220,CEG202410,cmpl-4zrZvmychPlDCIbEldT5F8zqS2hVa,fork,comb your hair,2,4,2,4
221,CEG202411,cmpl-4zrZvmychPlDCIbEldT5F8zqS2hVa,fork,apply makeup,3,2,3,2
222,CEG202412,cmpl-4zrZvmychPlDCIbEldT5F8zqS2hVa,fork,toothpick,2,4,3,4
224,CEG202413,cmpl-4zra0z5F57t7Ygw0bm05szm3Hl5yd,fork,Use a fork to eat food off of a plate,1,5,1,5
225,CEG202414,cmpl-4zra0z5F57t7Ygw0bm05szm3Hl5yd,fork,Stick a fork in a electrical outlet to see if it is still working,3,3,3,3
226,CEG202415,cmpl-4zra0z5F57t7Ygw0bm05szm3Hl5yd,fork,Use a fork as a back scratcher,2,5,2,5
227,CEG202416,cmpl-4zra0z5F57t7Ygw0bm05szm3Hl5yd,fork,Hold a fork up to the light to see if it is bent,2,4,2,4
228,CEG202417,cmpl-4zra0z5F57t7Ygw0bm05szm3Hl5yd,fork,Try to balance a fork on its end,2,4,2,4
230,CEG202418,cmpl-4zra4atJ3XarPjkJspnVq87V10M79,fork,Use a fork to play the xylophone,3,4,3,4
231,CEG202419,cmpl-4zra4atJ3XarPjkJspnVq87V10M79,fork,Use a fork as a back scratcher,2,5,2,5
232,CEG202420,cmpl-4zra4atJ3XarPjkJspnVq87V10M79,fork,Use a fork to measure ingredients when cooking,3,3,3,3
233,CEG202421,cmpl-4zra4atJ3XarPjkJspnVq87V10M79,fork,Use a fork as a toothpick,2,4,2,4
234,CEG202422,cmpl-4zra4atJ3XarPjkJspnVq87V10M79,fork,Curl your hair with a fork,2,4,2,4
235,CEG202423,cmpl-4zra4atJ3XarPjkJspnVq87V10M79,fork,Make music with forks and spoons by banging them together or on surfaces like tables and,3,5,3,5
236,CEG202424,cmpl-4zra7PJ3V7WlDovz4p2SWxDhYNZL4,fork,Use a fork to curl your hair,2,4,2,4
237,CEG202425,cmpl-4zra7PJ3V7WlDovz4p2SWxDhYNZL4,fork,Use a fork to apply makeup,3,2,3,2
238,CEG202426,cmpl-4zra7PJ3V7WlDovz4p2SWxDhYNZL4,fork,Use a fork to eat ice cream,2,5,2,5
239,CEG202427,cmpl-4zra7PJ3V7WlDovz4p2SWxDhYNZL4,fork,Use a fork to clean your teeth,2,4,2,4
240,CEG202428,cmpl-4zra7PJ3V7WlDovz4p2SWxDhYNZL4,fork,Use a fork to brush your hair,2,4,2,4
241,CEG202429,cmpl-4zra7PJ3V7WlDovz4p2SWxDhYNZL4,fork,Use a fork to pick up food that's fallen on the floor,1,5,1,5
243,CEG202430,cmpl-4zraCg6Ph8xSbK0yjXAdPnidD11ay,fork,Use a fork to eat a cupcake without getting your hands messy,1,5,1,5
244,CEG202431,cmpl-4zraCg6Ph8xSbK0yjXAdPnidD11ay,fork,Stick a fork in an electrical outlet to see if it's still working,3,3,3,3
245,CEG202432,cmpl-4zraCg6Ph8xSbK0yjXAdPnidD11ay,fork,Use a fork to comb your hair,2,4,2,4
246,CEG202433,cmpl-4zraCg6Ph8xSbK0yjXAdPnidD11ay,fork,Use a fork as a toothpick,2,4,2,4
247,CEG202434,cmpl-4zraCg6Ph8xSbK0yjXAdPnidD11ay,fork,Stick a fork in the ground to mark your spot in line,2,5,2,5
248,CEG202435,cmpl-4zraCg6Ph8xSbK0yjXAdPnidD11ay,fork,Use a fork,1,5,1,5
249,CEG202436,cmpl-4zraGctlemkCLq7TdhINVy0S5X0JP,fork,Fork art: Create fun designs and shapes using a fork as your paintbrush!,3,3,3,3
250,CEG202437,cmpl-4zraGctlemkCLq7TdhINVy0S5X0JP,fork,"Use a fork to curl your hair, no curlers necessary!",2,4,4,4
251,CEG202438,cmpl-4zraGctlemkCLq7TdhINVy0S5X0JP,fork,Make music with your fork: tap it against different surfaces to create unique sounds,3,5,3,5
252,CEG202439,cmpl-4zraGctlemkCLq7TdhINVy0S5X0JP,fork,Keep your drink cold by freezing a few forks and adding them to your glass,4,4,4,4
254,CEG202440,cmpl-4zraM64Ja1WKyyzHnRS2C1x6wvtM1,fork,Use a fork to eat soup instead of a spoon,2,3,2,3
255,CEG202441,cmpl-4zraM64Ja1WKyyzHnRS2C1x6wvtM1,fork,Use a fork to apply makeup instead of a brush,3,2,3,2
256,CEG202442,cmpl-4zraM64Ja1WKyyzHnRS2C1x6wvtM1,fork,Use a fork as a toothpick,2,4,2,4
257,CEG202443,cmpl-4zraM64Ja1WKyyzHnRS2C1x6wvtM1,fork,Use a fork to scratch an itch you can't reach,2,5,2,5
258,CEG202444,cmpl-4zraM64Ja1WKyyzHnRS2C1x6wvtM1,fork,Use a fork to play the piano (if the keys are big enough!),3,3,3,3
260,CEG202445,cmpl-4zraQmDGIEyFg7seTG2WjAuWnieHS,fork,Eat cereal with a fork instead of a spoon,1,5,1,5
261,CEG202446,cmpl-4zraQmDGIEyFg7seTG2WjAuWnieHS,fork,Use a fork to play fetch with your dog,3,2,3,2
262,CEG202447,cmpl-4zraQmDGIEyFg7seTG2WjAuWnieHS,fork,Use a fork as a bookmark in your favorite book,2,5,2,5
263,CEG202448,cmpl-4zraQmDGIEyFg7seTG2WjAuWnieHS,fork,Keep track of your keys by hanging them on a fork,3,4,3,4
264,CEG202449,cmpl-4zraQmDGIEyFg7seTG2WjAuWnieHS,fork,Use a fork to open up tightly sealed jars,1,5,1,5
265,CEG202450,cmpl-4zraQmDGIEyFg7seTG2WjAuWnieHS,fork,Sift flour by using a fork instead,2,4,2,4
266,CEG202451,cmpl-4zraUifPUfrYanvkLcAzlKBfY459v,fork,Use a fork to eat soup instead of a spoon,2,3,2,3
267,CEG202452,cmpl-4zraUifPUfrYanvkLcAzlKBfY459v,fork,Use a fork to play the piano,3,3,3,3
268,CEG202453,cmpl-4zraUifPUfrYanvkLcAzlKBfY459v,fork,Use a fork to brush your teeth,4,2,4,2
269,CEG202454,cmpl-4zraUifPUfrYanvkLcAzlKBfY459v,fork,Use a fork to comb your hair,2,4,2,4
270,CEG202455,cmpl-4zraUifPUfrYanvkLcAzlKBfY459v,fork,Use a fork as a bookmark in your book,2,5,2,5
271,CEG202456,cmpl-4zraUifPUfrYanvkLcAzlKBfY459v,fork,Stick forks in the ground to make a garden fence or trellis for climbing,3,2,3,2
272,CEG202457,cmpl-4zraZpLyhHci56f4QhgT4B7SmCvrt,fork,Use a fork to curl your hair,2,4,2,4
273,CEG202458,cmpl-4zraZpLyhHci56f4QhgT4B7SmCvrt,fork,Use a fork to eat soup without getting your hands dirty.,2,3,2,3
275,CEG202459,cmpl-4zraZpLyhHci56f4QhgT4B7SmCvrt,fork,Hold a fork by the tines and use the handle to hammer in nails,3,2,3,2
276,CEG202460,cmpl-4zraZpLyhHci56f4QhgT4B7SmCvrt,fork,Place a fork in between the door and door,2,4,2,4
277,CEG202461,cmpl-4zrad3UgMywrIHWm2sISmtf8VYQgP,fork,eat food,1,5,1,5
278,CEG202462,cmpl-4zrad3UgMywrIHWm2sISmtf8VYQgP,fork,utensil to cook food,1,5,1,5
279,CEG202463,cmpl-4zrad3UgMywrIHWm2sISmtf8VYQgP,fork,serve food,1,5,1,5
280,CEG202464,cmpl-4zrad3UgMywrIHWm2sISmtf8VYQgP,fork,tool to eat difficult foods such as lobster or steak,1,5,1,5
281,CEG202465,cmpl-4zrad3UgMywrIHWm2sISmtf8VYQgP,fork,play musical instruments such as the violin or,4,2,4,2
282,CEG202466,cmpl-4zrahdwzmeu6wqCXH9mwDInKMIiDX,fork,Eating soup,2,3,2,3
283,CEG202467,cmpl-4zrahdwzmeu6wqCXH9mwDInKMIiDX,fork,Holding up a table,3,3,3,3
284,CEG202468,cmpl-4zrahdwzmeu6wqCXH9mwDInKMIiDX,fork,Using as a hairbrush,2,4,2,4
285,CEG202469,cmpl-4zrahdwzmeu6wqCXH9mwDInKMIiDX,fork,Wearing as a necklace,3,2,3,2
286,CEG202470,cmpl-4zrahdwzmeu6wqCXH9mwDInKMIiDX,fork,Building a fort,3,2,3,2
287,CEG202471,cmpl-4zrahdwzmeu6wqCXH9mwDInKMIiDX,fork,Pretending to be a telephone,3,4,3,4
288,CEG202472,cmpl-4zrahdwzmeu6wqCXH9mwDInKMIiDX,fork,Using as chopsticks,2,4,2,4
289,CEG202473,cmpl-4zrahdwzmeu6wqCXH9mwDInKMIiDX,fork,Making music with it,3,4,3,4
290,CEG202474,cmpl-4zrahdwzmeu6wqCXH9mwDInKMIiDX,fork,Digging in the sand,2,3,2,3
291,CEG202475,cmpl-4zrakJLlAzMdyKNNYUGLwDUYw1gGV,fork,hairpin,2,4,2,4
292,CEG202476,cmpl-4zrakJLlAzMdyKNNYUGLwDUYw1gGV,fork,eat soup,2,3,2,3
293,CEG202477,cmpl-4zrakJLlAzMdyKNNYUGLwDUYw1gGV,fork,back scratcher,2,5,2,5
294,CEG202478,cmpl-4zrakJLlAzMdyKNNYUGLwDUYw1gGV,fork,pick up food that has fallen on floor,1,5,1,5
295,CEG202479,cmpl-4zrakJLlAzMdyKNNYUGLwDUYw1gGV,fork,play the piano,3,3,3,3
297,CEG202480,cmpl-4zraqw62ODEyAK2awfLKbL89Lp8B3,fork,Use a fork to eat soup,2,3,2,3
298,CEG202481,cmpl-4zraqw62ODEyAK2awfLKbL89Lp8B3,fork,Stick a fork in a piece of fruit to eat it,1,5,1,5
299,CEG202482,cmpl-4zraqw62ODEyAK2awfLKbL89Lp8B3,fork,Use a fork as a spoon when eating cereal or yogurt,1,5,1,5
300,CEG202483,cmpl-4zraqw62ODEyAK2awfLKbL89Lp8B3,fork,Hold a fork like chopsticks to eat rice or noodles,2,4,2,4
301,CEG202484,cmpl-4zraqw62ODEyAK2awfLKbL89Lp8B3,fork,Stick a fork in your hair to hold it back while you're cooking,2,4,2,4
302,CEG202485,cmpl-4zraqw62ODEyAK2awfLKbL89Lp8B3,fork,Use a fork,1,5,1,5
303,CEG202486,cmpl-4zratgs7BTfghucjtwvLdg3h5Ktcj,fork,Use a fork to comb your hair,2,4,2,4
304,CEG202487,cmpl-4zratgs7BTfghucjtwvLdg3h5Ktcj,fork,Use a fork to apply makeup,3,2,3,2
305,CEG202488,cmpl-4zratgs7BTfghucjtwvLdg3h5Ktcj,fork,Use a fork as a toothpick,2,4,2,4
306,CEG202489,cmpl-4zratgs7BTfghucjtwvLdg3h5Ktcj,fork,Stick a fork in an electrical outlet to see if it's still working,3,3,3,3
307,CEG202490,cmpl-4zratgs7BTfghucjtwvLdg3h5Ktcj,fork,Hold a fork by the tines and use the handle as a drumstick,3,4,3,4
309,CEG202491,cmpl-4zrawJ9oDldEBthK2vgZupbmFMm4H,fork,Use a fork to fluff up your hair for a quick and easy hairstyle,2,4,2,4
310,CEG202492,cmpl-4zrawJ9oDldEBthK2vgZupbmFMm4H,fork,Stick a fork in an electrical outlet to see if it's still working,3,3,3,3
311,CEG202493,cmpl-4zrawJ9oDldEBthK2vgZupbmFMm4H,fork,Use a fork as a bookmark in your favorite book,2,5,2,5
312,CEG202494,cmpl-4zrawJ9oDldEBthK2vgZupbmFMm4H,fork,Straighten out a bent fork with another fork,2,4,2,4
313,CEG202495,cmpl-4zrawJ9oDldEBthK2vgZupbmFMm4H,fork,Curl your lashes with a cleanfork tine for,3,3,3,3
314,CEG202496,cmpl-4zrb0QXXrFMPbzffB0TG92HVogg3y,fork,back scratcher,2,5,2,5
315,CEG202497,cmpl-4zrb0QXXrFMPbzffB0TG92HVogg3y,fork,toothpick,2,4,3,4
316,CEG202498,cmpl-4zrb0QXXrFMPbzffB0TG92HVogg3y,fork,remove splinters,2,3,2,3
317,CEG202499,cmpl-4zrb0QXXrFMPbzffB0TG92HVogg3y,fork,apply makeup,3,2,3,2
318,CEG202500,cmpl-4zrb0QXXrFMPbzffB0TG92HVogg3y,fork,comb your hair,2,4,2,4
319,CEG202501,cmpl-4zrb0QXXrFMPbzffB0TG92HVogg3y,fork,open bottles and cans,2,4,2,4
320,CEG202502,cmpl-4zrb4pbZjJzgQf6xbhicfC27UEn7l,fork,Drive nails into wood,3,2,3,2
321,CEG202503,cmpl-4zrb4pbZjJzgQf6xbhicfC27UEn7l,fork,Pick up food from a plate,1,5,1,5
322,CEG202504,cmpl-4zrb4pbZjJzgQf6xbhicfC27UEn7l,fork,Hold hair in place while braiding,2,4,2,4
323,CEG202505,cmpl-4zrb4pbZjJzgQf6xbhicfC27UEn7l,fork,Eat soup without making a mess,2,3,2,3
324,CEG202506,cmpl-4zrb4pbZjJzgQf6xbhicfC27UEn7l,fork,Dig in the dirt,2,3,2,3
325,CEG202507,cmpl-4zrb4pbZjJzgQf6xbhicfC27UEn7l,fork,Measure ingredients,3,2,3,2
326,CEG202508,cmpl-4zrb4pbZjJzgQf6xbhicfC27UEn7l,fork,Play the piano,3,3,3,3
327,CEG202509,cmpl-4zrb4pbZjJzgQf6xbhicfC27UEn7l,fork,Make a snow angel,3,3,3,3
328,CEG202510,cmpl-4zrb4pbZjJzgQf6xbhicfC27UEn7l,fork,Comb your hair,2,4,2,4
329,CEG202511,cmpl-4zrb7jeIL1TFrfKlWLLLftejtTyZb,fork,used as impromptu toothpicks. Simply insert the tines of the fork into your teeth and give them a good cleaning,2,4,2,4
330,CEG202512,cmpl-4zrb7jeIL1TFrfKlWLLLftejtTyZb,fork,If you're ever in a pinch and need to open a bottle of wine use a fork! Stick the fork into the cork and twist it until the cork pops out,2,4,2,4
331,CEG202513,cmpl-4zrb7jeIL1TFrfKlWLLLftejtTyZb,fork,Use a fork,1,5,1,5
332,CEG202514,cmpl-4zrbDITGHAQhN1jsdlVUwpqxbMxvL,fork,eat food,1,5,1,5
333,CEG202515,cmpl-4zrbDITGHAQhN1jsdlVUwpqxbMxvL,fork,pick up food that has fallen on the ground,2,5,2,5
334,CEG202516,cmpl-4zrbDITGHAQhN1jsdlVUwpqxbMxvL,fork,help cut food into smaller pieces,1,5,1,5
335,CEG202517,cmpl-4zrbDITGHAQhN1jsdlVUwpqxbMxvL,fork,shovel to scoop up food onto your plate,1,5,1,5
337,CEG202518,cmpl-4zrbJ1ywGvexOFDxf6gmBhbuPPecR,can,Tin Can Telephone: This is a classic use for a tin can and one that has been around for generations. All you need are two tin cans some string and something to punch holes in the bottom of the cans (a nail or a sharp object). Once you have your materials simply tie the string between the two cans making sure that the string is tight,2,4,2,4
338,CEG202519,cmpl-4zrbN3psnyAw89kktoFkUMgimFZjc,can,could be used as a vase for flowers,3,4,3,4
339,CEG202520,cmpl-4zrbN3psnyAw89kktoFkUMgimFZjc,can,a pen holder on a desk,2,5,2,5
340,CEG202521,cmpl-4zrbN3psnyAw89kktoFkUMgimFZjc,can,could be used to store loose change,2,5,2,5
341,CEG202522,cmpl-4zrbN3psnyAw89kktoFkUMgimFZjc,can,hold toothpicks on a countertop,2,5,2,5
342,CEG202523,cmpl-4zrbN3psnyAw89kktoFkUMgimFZjc,can,might be used as a planter for small plants or,3,4,3,4
343,CEG202524,cmpl-4zrbRsbIaGxBqfOccYpoUD0CMO0xl,can,telephone,NA,NA,3,3
344,CEG202525,cmpl-4zrbRsbIaGxBqfOccYpoUD0CMO0xl,can,candle holder,2,4,3,5
345,CEG202526,cmpl-4zrbRsbIaGxBqfOccYpoUD0CMO0xl,can,pen/pencil holder,2,5,2,5
346,CEG202527,cmpl-4zrbRsbIaGxBqfOccYpoUD0CMO0xl,can,vase,NA,NA,3,5
347,CEG202528,cmpl-4zrbRsbIaGxBqfOccYpoUD0CMO0xl,can,bird feeder,NA,NA,3,4
348,CEG202529,cmpl-4zrbRsbIaGxBqfOccYpoUD0CMO0xl,can,planter,NA,NA,3,5
349,CEG202530,cmpl-4zrbRsbIaGxBqfOccYpoUD0CMO0xl,can,wind chime,NA,NA,4,3
350,CEG202531,cmpl-4zrbRsbIaGxBqfOccYpoUD0CMO0xl,can,homemade musical instrument,NA,NA,3,4
351,CEG202532,cmpl-4zrbRsbIaGxBqfOccYpoUD0CMO0xl,can,storage container,NA,NA,1,5
352,CEG202533,cmpl-4zrbTqtxt7KQ7CDXrryUu5jgWJ69a,can,vase,NA,NA,3,5
353,CEG202534,cmpl-4zrbTqtxt7KQ7CDXrryUu5jgWJ69a,can,planter,NA,NA,3,5
354,CEG202535,cmpl-4zrbTqtxt7KQ7CDXrryUu5jgWJ69a,can,hold pens and pencils,2,5,2,5
355,CEG202536,cmpl-4zrbTqtxt7KQ7CDXrryUu5jgWJ69a,can,coin bank,NA,NA,2,5
356,CEG202537,cmpl-4zrbTqtxt7KQ7CDXrryUu5jgWJ69a,can,candle holder,2,4,3,5
358,CEG202538,cmpl-4zrbYEeeRyYskiBlOLBZdW7zFQkf8,can,vase for flowers,NA,NA,3,5
359,CEG202539,cmpl-4zrbYEeeRyYskiBlOLBZdW7zFQkf8,can,It can be used as a candle holder,2,4,2,4
360,CEG202540,cmpl-4zrbYEeeRyYskiBlOLBZdW7zFQkf8,can,store small items such as buttons beads and other craft supplies,2,5,2,5
361,CEG202541,cmpl-4zrbYEeeRyYskiBlOLBZdW7zFQkf8,can,It makes a great piggy bank!,2,4,2,4
362,CEG202542,cmpl-4zrbYEeeRyYskiBlOLBZdW7zFQkf8,can,planter for small plants,3,4,3,4
363,CEG202543,cmpl-4zrbcJSjnrQGQryl58b1WsAPwo0An,can,be used as a small planter for succulents or cacti,3,4,3,4
364,CEG202544,cmpl-4zrbcJSjnrQGQryl58b1WsAPwo0An,can,be used as a pencil holder on a desk,2,5,2,5
365,CEG202545,cmpl-4zrbcJSjnrQGQryl58b1WsAPwo0An,can,cut in half and used as salt and pepper shakers,2,4,2,4
366,CEG202546,cmpl-4zrbcJSjnrQGQryl58b1WsAPwo0An,can,be used to hold paperclips or other small office supplies,2,5,2,5
368,CEG202547,cmpl-4zrbgvVmZ78Tof0ZmGZSQtMyJiKFW,can,telephone,NA,NA,3,3
369,CEG202548,cmpl-4zrbgvVmZ78Tof0ZmGZSQtMyJiKFW,can,lantern,NA,NA,3,4
370,CEG202549,cmpl-4zrbgvVmZ78Tof0ZmGZSQtMyJiKFW,can,plant pot,NA,NA,3,5
371,CEG202550,cmpl-4zrbgvVmZ78Tof0ZmGZSQtMyJiKFW,can,vase,NA,NA,3,5
372,CEG202551,cmpl-4zrbgvVmZ78Tof0ZmGZSQtMyJiKFW,can,bird feeder,NA,NA,3,4
373,CEG202552,cmpl-4zrbgvVmZ78Tof0ZmGZSQtMyJiKFW,can,An ashtray,2,5,2,5
372,CEG202550,cmpl-4zrbgvVmZ78Tof0ZmGZSQtMyJiKFW,can,stationery holder,NA,NA,2,5
373,CEG202550,cmpl-4zrbgvVmZ78Tof0ZmGZSQtMyJiKFW,can,pen holder,NA,NA,2,5
374,CEG202553,cmpl-4zrbgvVmZ78Tof0ZmGZSQtMyJiKFW,can,pencil holder,2,5,2,5
375,CEG202554,cmpl-4zrbgvVmZ78Tof0ZmGZSQtMyJiKFW,can,paintbrush holder,NA,NA,3,5
376,CEG202555,cmpl-4zrbgvVmZ78Tof0ZmGZSQtMyJiKFW,can,coin bank,NA,NA,2,5
377,CEG202556,cmpl-4zrbjCwsB0SqWvKxicy8LGk53flyr,can,small planter for succulents or cacti,3,4,3,5
378,CEG202557,cmpl-4zrbjCwsB0SqWvKxicy8LGk53flyr,can,pencil holder by painting it and adding some fun embellishments,2,5,2,5
379,CEG202558,cmpl-4zrbjCwsB0SqWvKxicy8LGk53flyr,can,Use a tin can to make your own mini pinata filled with candy or other treats,NA,NA,4,3
380,CEG202559,cmpl-4zrbjCwsB0SqWvKxicy8LGk53flyr,can,Cut out stars from paper and glue them onto,2,4,2,4
381,CEG202560,cmpl-4zrboUMyMByxhbrNsfLQZLnzSQJGu,can,could be used as a vase for flowers,3,4,3,4
382,CEG202561,cmpl-4zrboUMyMByxhbrNsfLQZLnzSQJGu,can,a candle holder,2,4,2,4
383,CEG202562,cmpl-4zrboUMyMByxhbrNsfLQZLnzSQJGu,can,hold pencils or pens on a desk,2,5,2,5
384,CEG202563,cmpl-4zrboUMyMByxhbrNsfLQZLnzSQJGu,can,hold makeup brushes on a vanity,2,5,2,5
385,CEG202564,cmpl-4zrboUMyMByxhbrNsfLQZLnzSQJGu,can,store coins or other small items,2,5,1,5
387,CEG202565,cmpl-4zrbtwe2uJcyLmGuEpGSsyDFGMDBA,can,be used as a coin bank,2,5,2,5
388,CEG202566,cmpl-4zrbtwe2uJcyLmGuEpGSsyDFGMDBA,can,be used to store pencils and pens,2,5,2,5
389,CEG202567,cmpl-4zrbtwe2uJcyLmGuEpGSsyDFGMDBA,can,be used as a vase for flowers,3,4,3,4
390,CEG202568,cmpl-4zrbtwe2uJcyLmGuEpGSsyDFGMDBA,can,be used as a container for homemade candles,2,4,2,4
391,CEG202569,cmpl-4zrbtwe2uJcyLmGuEpGSsyDFGMDBA,can,be used as a planter for small plants or herbs,3,4,3,4
393,CEG202570,cmpl-4zrbwSX9olf2MYhbNdZkBNcAZCQil,can,Make a tin can telephone,2,4,2,4
394,CEG202571,cmpl-4zrbwSX9olf2MYhbNdZkBNcAZCQil,can,Use it as a coin bank,2,5,2,5
395,CEG202572,cmpl-4zrbwSX9olf2MYhbNdZkBNcAZCQil,can,Turn it into a vase or planter,3,4,3,4
396,CEG202573,cmpl-4zrbwSX9olf2MYhbNdZkBNcAZCQil,can,Make a lantern out of it,3,4,3,4
397,CEG202574,cmpl-4zrbwSX9olf2MYhbNdZkBNcAZCQil,can,Use it as part of a homemade wind chime or mobile,3,3,3,3
398,CEG202575,cmpl-4zrbwSX9olf2MYhbNdZkBNcAZCQil,can,Decorate it and use it as a gift box or jewelry holder,2,4,2,4
399,CEG202576,cmpl-4zrbwSX9olf2MYhbNdZkBNcAZCQil,can,Fill,NA,NA,1,5
400,CEG202577,cmpl-4zrc1U1RBUdlbhTUgAPDFfMfYh1z4,can,vase for flowers,NA,NA,3,5
401,CEG202578,cmpl-4zrc1U1RBUdlbhTUgAPDFfMfYh1z4,can,hold pens and pencils,2,5,2,5
402,CEG202579,cmpl-4zrc1U1RBUdlbhTUgAPDFfMfYh1z4,can,coin bank,NA,NA,2,5
403,CEG202580,cmpl-4zrc1U1RBUdlbhTUgAPDFfMfYh1z4,can,make a wind chime,3,3,3,3
404,CEG202581,cmpl-4zrc1U1RBUdlbhTUgAPDFfMfYh1z4,can,make a candle holder,2,4,2,4
406,CEG202582,cmpl-4zrc4u2VBu91FTQrKNvnOCHBqYgxm,can,telephone,NA,NA,3,3
407,CEG202583,cmpl-4zrc4u2VBu91FTQrKNvnOCHBqYgxm,can,candle holder,2,4,3,5
408,CEG202584,cmpl-4zrc4u2VBu91FTQrKNvnOCHBqYgxm,can,plant pot,NA,NA,3,5
409,CEG202585,cmpl-4zrc4u2VBu91FTQrKNvnOCHBqYgxm,can,pencil holder,2,5,2,5
410,CEG202586,cmpl-4zrc4u2VBu91FTQrKNvnOCHBqYgxm,can,coin bank,NA,NA,2,5
411,CEG202587,cmpl-4zrc4u2VBu91FTQrKNvnOCHBqYgxm,can,picture frame,4,3,4,2
412,CEG202588,cmpl-4zrc4u2VBu91FTQrKNvnOCHBqYgxm,can,vase,NA,NA,3,5
413,CEG202589,cmpl-4zrc4u2VBu91FTQrKNvnOCHBqYgxm,can,Travel mug,NA,NA,3,4
414,CEG202590,cmpl-4zrc4u2VBu91FTQrKNvnOCHBqYgxm,can,dog bowl,NA,NA,2,5
415,CEG202591,cmpl-4zrc9anerQX6gOQWAFSdOcaJv26D0,can,Make a candle holder by punching holes in the top and bottom of the can,2,4,2,4
416,CEG202592,cmpl-4zrc9anerQX6gOQWAFSdOcaJv26D0,can,Turn it into a vase or planter,3,4,3,4
417,CEG202593,cmpl-4zrc9anerQX6gOQWAFSdOcaJv26D0,can,Use it as a pencil holder on your desk,2,5,2,5
418,CEG202594,cmpl-4zrc9anerQX6gOQWAFSdOcaJv26D0,can,Fill it with candy or other small treats and give it as a gift,3,4,3,4
419,CEG202595,cmpl-4zrc9anerQX6gOQWAFSdOcaJv26D0,can,Decorate it and use it as part of a centerpiece or table,3,4,3,4
420,CEG202596,cmpl-4zrcEwWIXCAMPu5UuJbCdaDxuIBFC,can,telephone,NA,NA,3,3
421,CEG202597,cmpl-4zrcEwWIXCAMPu5UuJbCdaDxuIBFC,can,lantern,NA,NA,3,4
422,CEG202598,cmpl-4zrcEwWIXCAMPu5UuJbCdaDxuIBFC,can,stove,NA,NA,2,3
423,CEG202599,cmpl-4zrcEwWIXCAMPu5UuJbCdaDxuIBFC,can,wind chime,NA,NA,4,3
424,CEG202600,cmpl-4zrcEwWIXCAMPu5UuJbCdaDxuIBFC,can,piñata,NA,NA,4,3
424,CEG202601,cmpl-4zrcEwWIXCAMPu5UuJbCdaDxuIBFC,can,pinata,NA,NA,4,3
425,CEG202602,cmpl-4zrcEwWIXCAMPu5UuJbCdaDxuIBFC,can,planter,NA,NA,3,5
426,CEG202603,cmpl-4zrcEwWIXCAMPu5UuJbCdaDxuIBFC,can,bird feeder,NA,NA,3,4
427,CEG202604,cmpl-4zrcEwWIXCAMPu5UuJbCdaDxuIBFC,can,candle holder,2,4,3,5
823,CEG202605,cmpl-4zrcEwWIXCAMPu5UuJbCdaDxuIBFC,can,android,NA,NA,3,2
428,CEG202605,cmpl-4zrcEwWIXCAMPu5UuJbCdaDxuIBFC,can,robot,NA,NA,3,2
429,CEG202606,cmpl-4zrcIVXoehFFYCRYyynvdd5IJPIST,can,Make a wind chime out of tin cans and metal spoons,3,3,3,3
430,CEG202607,cmpl-4zrcIVXoehFFYCRYyynvdd5IJPIST,can,Cut the top off a tin can and use it as a planter for small succulents or cacti,3,4,3,4
431,CEG202608,cmpl-4zrcIVXoehFFYCRYyynvdd5IJPIST,can,cute piggy bank by painting it pink and adding eyes nostrils and a coin slot in the top,2,4,2,4
432,CEG202609,cmpl-4zrcMiOsRGzG85ajlnECUTr1dhMtt,can,Plant a herb garden in tin cans,3,4,3,4
433,CEG202610,cmpl-4zrcMiOsRGzG85ajlnECUTr1dhMtt,can,Make a wind chime out of tin cans and beads,3,3,3,3
434,CEG202611,cmpl-4zrcMiOsRGzG85ajlnECUTr1dhMtt,can,Use tin cans as candle holders for an outdoor party,2,4,2,4
435,CEG202612,cmpl-4zrcMiOsRGzG85ajlnECUTr1dhMtt,can,Create a mini Zen garden in a tin can,4,3,4,3
436,CEG202613,cmpl-4zrcMiOsRGzG85ajlnECUTr1dhMtt,can,Make a robot out of recycled materials including tin cans,4,2,4,2
437,CEG202614,cmpl-4zrcMiOsRGzG85ajlnECUTr1dhMtt,can,night light,NA,NA,3,3
438,CEG202615,cmpl-4zrcS09GhsrrIIplF2CvuIXFdP89x,can,be used as a vase for flowers,3,4,3,4
439,CEG202616,cmpl-4zrcS09GhsrrIIplF2CvuIXFdP89x,can,be used to hold pens and pencils,2,5,2,5
440,CEG202617,cmpl-4zrcS09GhsrrIIplF2CvuIXFdP89x,can,be used as a container for plants,3,4,3,4
441,CEG202618,cmpl-4zrcS09GhsrrIIplF2CvuIXFdP89x,can,be used to store spices in the kitchen,2,5,2,5
442,CEG202619,cmpl-4zrcS09GhsrrIIplF2CvuIXFdP89x,can,be used to organize makeup brushes on a vanity table.,2,5,2,5
443,CEG202620,cmpl-4zrcVORSuELIlbtqYbPvYTtqlY04J,can,could be used as a vase for flowers,3,4,3,4
444,CEG202621,cmpl-4zrcVORSuELIlbtqYbPvYTtqlY04J,can,a pencil holder on a desk,2,5,2,5
445,CEG202622,cmpl-4zrcVORSuELIlbtqYbPvYTtqlY04J,can,could be used to hold makeup brushes on a dressing table,2,5,2,5
446,CEG202623,cmpl-4zrcVORSuELIlbtqYbPvYTtqlY04J,can,hold pens and markers in an art studio,3,4,3,4
447,CEG202624,cmpl-4zrcVORSuELIlbtqYbPvYTtqlY04J,can,could be used as a cookie jar,2,5,2,5
448,CEG202625,cmpl-4zrcYjzKqIIyHAfl5D4gYpEMjoKxu,can,could be used as a planter for small plants or herbs,3,4,3,4
449,CEG202626,cmpl-4zrcYjzKqIIyHAfl5D4gYpEMjoKxu,can,It could also be used as a candle holder,NA,NA,3,5
449,CEG202627,cmpl-4zrcYjzKqIIyHAfl5D4gYpEMjoKxu,can,It could also be used as a candle holder,NA,NA,3,5
450,CEG202628,cmpl-4zrcYjzKqIIyHAfl5D4gYpEMjoKxu,can,For those who love baking a tin can be turned into a mini-loaf pan perfect for individual servings,4,3,4,3
452,CEG202629,cmpl-4zrcbWi4mPn1Lgww0fOj0x3K3J11l,can,be used as a makeshift candle,2,4,2,4
453,CEG202630,cmpl-4zrcbWi4mPn1Lgww0fOj0x3K3J11l,can,be used to store small items like paper clips or jewelry,2,5,2,5
454,CEG202631,cmpl-4zrcbWi4mPn1Lgww0fOj0x3K3J11l,can,be used as a vase for flowers,3,4,3,4
455,CEG202632,cmpl-4zrcbWi4mPn1Lgww0fOj0x3K3J11l,can,be used as a pen holder,2,5,2,5
456,CEG202633,cmpl-4zrcbWi4mPn1Lgww0fOj0x3K3J11l,can,be used as a coin bank,2,5,2,5
457,CEG202634,cmpl-4zrcbWi4mPn1Lgww0fOj0x3K3J11l,can,be turned into a wind chime,3,3,3,3
458,CEG202635,cmpl-4zrche9QeGMpmfsGYV3xuiIbbFgVW,can,small planter for herbs or succulents,3,4,3,5
459,CEG202636,cmpl-4zrche9QeGMpmfsGYV3xuiIbbFgVW,can,Use a tin can to create a DIY candle holder or tea light holder,2,4,2,4
460,CEG202637,cmpl-4zrche9QeGMpmfsGYV3xuiIbbFgVW,can,Make a mini pinata out of a tin can ‚Äì perfect for parties or decoration!,NA,NA,4,3
461,CEG202638,cmpl-4zrche9QeGMpmfsGYV3xuiIbbFgVW,can,Decorate a tin can and use it as cute storage for pens pencils,2,5,2,5
462,CEG202639,cmpl-4zrckGN0dM4lds8vCNfKvayt3Ir4z,can,Create a fun wind chime by painting and decorating tin cans of different sizes then punching holes in the top and bottom of each can. Suspend them from string or wire at different lengths to create unique tones,3,3,3,3
463,CEG202640,cmpl-4zrckGN0dM4lds8vCNfKvayt3Ir4z,can,Make a mini pinata by filling a small tin can with candy then covering the opening with paper and securing it with tape or glue,NA,NA,4,3
464,CEG202641,cmpl-4zrcoCBzGvxqYvlwl4T1Z9oAXzjjz,can,Make a wind chime out of a tin can and some string,3,3,3,3
465,CEG202642,cmpl-4zrcoCBzGvxqYvlwl4T1Z9oAXzjjz,can,plant holder by painting it and adding drainage holes,3,4,3,4
466,CEG202643,cmpl-4zrcoCBzGvxqYvlwl4T1Z9oAXzjjz,can,Use a tin can as a pencil holder on your desk,2,5,2,5
467,CEG202644,cmpl-4zrcoCBzGvxqYvlwl4T1Z9oAXzjjz,can,Make a mini trash can out of a tin can by decorating it and adding a lid,2,4,2,4
468,CEG202645,cmpl-4zrcoCBzGvxqYvlwl4T1Z9oAXzjjz,can,Create art by,3,3,3,3
469,CEG202646,cmpl-4zrctu5fEjcEnja4LuWNvzRUHWU31,can,could be used as a vase for flowers,3,4,3,4
470,CEG202647,cmpl-4zrctu5fEjcEnja4LuWNvzRUHWU31,can,a container for paintbrushes,2,5,2,5
471,CEG202648,cmpl-4zrctu5fEjcEnja4LuWNvzRUHWU31,can,could be used to hold pencils or pens on a desk,2,5,2,5
472,CEG202649,cmpl-4zrctu5fEjcEnja4LuWNvzRUHWU31,can,a planter for small plants or herbs,3,4,3,4
473,CEG202650,cmpl-4zrctu5fEjcEnja4LuWNvzRUHWU31,can,could be used to store coins,2,5,2,5
474,CEG202651,cmpl-4zrcxpMw6Qkz2QWcvYNNxrTQAiJ5G,can,could be used as a vase,3,4,3,4
475,CEG202652,cmpl-4zrcxpMw6Qkz2QWcvYNNxrTQAiJ5G,can,could be used as a container for pens and pencils,2,5,2,5
476,CEG202653,cmpl-4zrcxpMw6Qkz2QWcvYNNxrTQAiJ5G,can,could be used as a coin bank,2,5,2,5
477,CEG202654,cmpl-4zrcxpMw6Qkz2QWcvYNNxrTQAiJ5G,can,could be used to hold keys,2,5,2,5
478,CEG202655,cmpl-4zrcxpMw6Qkz2QWcvYNNxrTQAiJ5G,can,could be used as a paperweight,3,4,3,4
480,CEG202656,cmpl-4zrd1faKHBOm8Cxvlj8fYVq0YYNN0,can,Make a wind chime out of a tin can and some string,3,3,3,3
481,CEG202657,cmpl-4zrd1faKHBOm8Cxvlj8fYVq0YYNN0,can,Use a tin can as a plant pot,3,4,3,4
482,CEG202658,cmpl-4zrd1faKHBOm8Cxvlj8fYVq0YYNN0,can,pencil holder,2,5,2,5
483,CEG202659,cmpl-4zrd1faKHBOm8Cxvlj8fYVq0YYNN0,can,Upcycle a tin can into a vase or candle holder,2,4,2,4
484,CEG202660,cmpl-4zrd1faKHBOm8Cxvlj8fYVq0YYNN0,can,Make your own mini trash can out of an old tin can,2,5,2,5
485,CEG202661,cmpl-4zrd1faKHBOm8Cxvlj8fYVq0YYNN0,can,Create illuminated lantern,NA,NA,3,4
486,CEG202662,cmpl-4zrd524B8q1ksMWn7vFZYBuuX8IPn,can,can opener,NA,NA,3,2
487,CEG202663,cmpl-4zrd524B8q1ksMWn7vFZYBuuX8IPn,can,colander,NA,NA,4,3
488,CEG202664,cmpl-4zrd524B8q1ksMWn7vFZYBuuX8IPn,can,candle holder,2,4,3,5
489,CEG202665,cmpl-4zrd524B8q1ksMWn7vFZYBuuX8IPn,can,vase,NA,NA,3,5
490,CEG202666,cmpl-4zrd524B8q1ksMWn7vFZYBuuX8IPn,can,pen holder,2,5,2,5
491,CEG202667,cmpl-4zrd524B8q1ksMWn7vFZYBuuX8IPn,can,An ashtray,2,5,2,5
492,CEG202668,cmpl-4zrd524B8q1ksMWn7vFZYBuuX8IPn,can,bird feeder,NA,NA,3,4
493,CEG202669,cmpl-4zrd524B8q1ksMWn7vFZYBuuX8IPn,can,wind chime,NA,NA,4,3
494,CEG202670,cmpl-4zrd524B8q1ksMWn7vFZYBuuX8IPn,can,planter,NA,NA,3,5
495,CEG202671,cmpl-4zrdAUqGiLghD5AjfihSegqsCWnLT,can,planter for small plants or herbs,3,4,3,5
496,CEG202672,cmpl-4zrdAUqGiLghD5AjfihSegqsCWnLT,can,Cut the top off of a tin can and use it as a pencil holder on your desk,2,5,2,5
497,CEG202673,cmpl-4zrdAUqGiLghD5AjfihSegqsCWnLT,can,Use a tin can as a vase for fresh flowers,3,4,3,4
498,CEG202674,cmpl-4zrdAUqGiLghD5AjfihSegqsCWnLT,can,Make a wind chime out of old tin cans and some string or wire,3,3,3,3
499,CEG202675,cmpl-4zrdAUqGiLghD5AjfihSegqsCWnLT,can,Turn,NA,NA,1,3
500,CEG202676,cmpl-4zrdDeq7FkGc7hNoiW5nBllPOvLaB,can,vase,NA,NA,3,5
501,CEG202677,cmpl-4zrdDeq7FkGc7hNoiW5nBllPOvLaB,can,make a wind chime,3,3,3,3
502,CEG202678,cmpl-4zrdDeq7FkGc7hNoiW5nBllPOvLaB,can,planter,NA,NA,3,5
503,CEG202679,cmpl-4zrdDeq7FkGc7hNoiW5nBllPOvLaB,can,bird feeder,NA,NA,3,4
504,CEG202680,cmpl-4zrdDeq7FkGc7hNoiW5nBllPOvLaB,can,hold pencils or pens on a desk,2,5,2,5
505,CEG202681,cmpl-59yPI70TEqZxYmHwgnCL4krL1wZFH,book,door stop,NA,NA,2,5
506,CEG202682,cmpl-59yPI70TEqZxYmHwgnCL4krL1wZFH,book,start a fire in an emergency situation,NA,NA,2,4
507,CEG202683,cmpl-59yPI70TEqZxYmHwgnCL4krL1wZFH,book,paperweight,NA,NA,2,5
508,CEG202684,cmpl-59yPI70TEqZxYmHwgnCL4krL1wZFH,book,prop up a table or chair leg that is wobbling,2,4,3,4
509,CEG202685,cmpl-59yPI70TEqZxYmHwgnCL4krL1wZFH,book,coaster for drinks to protect,NA,NA,2,5
510,CEG202686,cmpl-59yPMcKhNs3l48AYrHhR5sousvIdr,book,doorstop,NA,NA,2,5
511,CEG202687,cmpl-59yPMcKhNs3l48AYrHhR5sousvIdr,book,prop up a wobbly table,NA,NA,3,4
512,CEG202688,cmpl-59yPMcKhNs3l48AYrHhR5sousvIdr,book,paperweight,NA,NA,2,5
513,CEG202689,cmpl-59yPMcKhNs3l48AYrHhR5sousvIdr,book,make a papier-mâché mask,NA,NA,3,3
513,CEG202690,cmpl-59yPMcKhNs3l48AYrHhR5sousvIdr,book,make a papier-mache mask,NA,NA,3,3
514,CEG202691,cmpl-59yPMcKhNs3l48AYrHhR5sousvIdr,book,cut up and made into a collage,NA,NA,2,5
515,CEG202692,cmpl-59yPPmCqhzNQFwIKtWPlXRnuU5ZS5,book,door stop,NA,NA,2,5
516,CEG202693,cmpl-59yPPmCqhzNQFwIKtWPlXRnuU5ZS5,book,hold up a table leg,2,4,3,4
517,CEG202694,cmpl-59yPPmCqhzNQFwIKtWPlXRnuU5ZS5,book,coaster for your beverage,NA,NA,2,5
518,CEG202695,cmpl-59yPPmCqhzNQFwIKtWPlXRnuU5ZS5,book,fan yourself on a hot day,NA,NA,3,5
519,CEG202696,cmpl-59yPPmCqhzNQFwIKtWPlXRnuU5ZS5,book,weight to keep paper from flying away in the wind,NA,NA,2,5
520,CEG202697,cmpl-59yPTYdTaZ7HRdXeSnCHerNyww3Uc,book,Bookend,NA,NA,2,4
521,CEG202698,cmpl-59yPTYdTaZ7HRdXeSnCHerNyww3Uc,book,Doorstop,NA,NA,2,5
522,CEG202699,cmpl-59yPTYdTaZ7HRdXeSnCHerNyww3Uc,book,Paperweight,NA,NA,2,5
523,CEG202700,cmpl-59yPTYdTaZ7HRdXeSnCHerNyww3Uc,book,Decoration,NA,NA,2,4
524,CEG202701,cmpl-59yPTYdTaZ7HRdXeSnCHerNyww3Uc,book,Cat bed/house,NA,NA,4,3
525,CEG202702,cmpl-59yPTYdTaZ7HRdXeSnCHerNyww3Uc,book,Dog house/kennel,NA,NA,5,3
526,CEG202703,cmpl-59yPTYdTaZ7HRdXeSnCHerNyww3Uc,book,Bird house,NA,NA,5,3
527,CEG202704,cmpl-59yPTYdTaZ7HRdXeSnCHerNyww3Uc,book,Planter,NA,NA,5,2
528,CEG202705,cmpl-59yPTYdTaZ7HRdXeSnCHerNyww3Uc,book,Halloween decoration,NA,NA,2,3
529,CEG202706,cmpl-59yPVaQPKEJza6W5xOwmv6du0dusi,book,doorstop,NA,NA,2,5
530,CEG202707,cmpl-59yPVaQPKEJza6W5xOwmv6du0dusi,book,prop up a wobbly table,NA,NA,3,4
531,CEG202708,cmpl-59yPVaQPKEJza6W5xOwmv6du0dusi,book,paperweight,NA,NA,2,5
532,CEG202709,cmpl-59yPVaQPKEJza6W5xOwmv6du0dusi,book,make a papier-mâché sculpture,NA,NA,3,3
532,CEG202710,cmpl-59yPVaQPKEJza6W5xOwmv6du0dusi,book,make a papier-mache sculpture,NA,NA,3,3
533,CEG202711,cmpl-59yPVaQPKEJza6W5xOwmv6du0dusi,book,used as fuel for a bonfire,NA,NA,2,4
534,CEG202712,cmpl-59yPazYVZuHkYy7MRitdCvkE3vH7H,book,paperweight,NA,NA,2,5
535,CEG202713,cmpl-59yPazYVZuHkYy7MRitdCvkE3vH7H,book,prop up a table leg,NA,NA,3,4
536,CEG202714,cmpl-59yPazYVZuHkYy7MRitdCvkE3vH7H,book,use as a doorstop,NA,NA,2,5
537,CEG202715,cmpl-59yPazYVZuHkYy7MRitdCvkE3vH7H,book,birdhouse,NA,NA,5,3
538,CEG202716,cmpl-59yPazYVZuHkYy7MRitdCvkE3vH7H,book,carve into a sculpture,NA,NA,4,3
539,CEG202717,cmpl-59yPazYVZuHkYy7MRitdCvkE3vH7H,book,As part of a piñata,NA,NA,5,4
539,CEG202718,cmpl-59yPazYVZuHkYy7MRitdCvkE3vH7H,book,As part of a pinata,NA,NA,5,4
540,CEG202719,cmpl-59yPazYVZuHkYy7MRitdCvkE3vH7H,book,As fuel for a fire,NA,NA,2,4
541,CEG202720,cmpl-59yPazYVZuHkYy7MRitdCvkE3vH7H,book,line the bottom of a birdcage,NA,NA,4,4
543,CEG202721,cmpl-59yPeOk1Dadl9K2qbtcBmQknDu7UH,book,doorstop,NA,NA,2,5
544,CEG202722,cmpl-59yPeOk1Dadl9K2qbtcBmQknDu7UH,book,keep a table level,NA,NA,3,4
545,CEG202723,cmpl-59yPeOk1Dadl9K2qbtcBmQknDu7UH,book,help with balance when doing Yoga or Pilates,3,5,4,5
546,CEG202724,cmpl-59yPeOk1Dadl9K2qbtcBmQknDu7UH,book,stacked and used as a makeshift stool or end table,NA,NA,3,3
548,CEG202725,cmpl-59yPjn4R6xhOoKgPm64iK8kcGbDc4,book,door stop,NA,NA,2,5
549,CEG202726,cmpl-59yPjn4R6xhOoKgPm64iK8kcGbDc4,book,paperweight,NA,NA,2,5
550,CEG202727,cmpl-59yPjn4R6xhOoKgPm64iK8kcGbDc4,book,prop up a wobbly table or chair,2,4,3,4
551,CEG202728,cmpl-59yPjn4R6xhOoKgPm64iK8kcGbDc4,book,make a makeshift stool or step stool,3,3,3,4
552,CEG202729,cmpl-59yPjn4R6xhOoKgPm64iK8kcGbDc4,book,can,NA,NA,4,1
553,CEG202730,cmpl-59yPn4UNvYsNpZQzAYkIZElaYO5Gy,book,doorstop,NA,NA,2,5
554,CEG202731,cmpl-59yPn4UNvYsNpZQzAYkIZElaYO5Gy,book,prop up a wobbly table,NA,NA,3,4
555,CEG202732,cmpl-59yPn4UNvYsNpZQzAYkIZElaYO5Gy,book,keep your computer screen from getting scratched,4,2,4,1
556,CEG202733,cmpl-59yPn4UNvYsNpZQzAYkIZElaYO5Gy,book,makes a great paperweight,NA,NA,2,5
557,CEG202734,cmpl-59yPn4UNvYsNpZQzAYkIZElaYO5Gy,book,fan yourself on a hot day,NA,NA,3,5
559,CEG202735,cmpl-59yPqFCEaAhcYUpEWRfnp097rHus1,book,can make a great doorstop,NA,NA,2,5
560,CEG202736,cmpl-59yPqFCEaAhcYUpEWRfnp097rHus1,book,If you're craftyyou can turn an old book into a unique journal.,NA,NA,2,4
561,CEG202737,cmpl-59yPqFCEaAhcYUpEWRfnp097rHus1,book,Don't have a coaster? No problem! Use a book instead,NA,NA,2,5
562,CEG202738,cmpl-59yPqFCEaAhcYUpEWRfnp097rHus1,book,can also be used as a paperweight to keep your papers from blowing away,NA,NA,1,5
563,CEG202739,cmpl-59yPqFCEaAhcYUpEWRfnp097rHus1,book,Tired of traditional placecards,NA,NA,4,3
564,CEG202740,cmpl-59yPtlzHCZNKllLyUwK7VyA5kx0dz,book,doorstop,NA,NA,2,5
565,CEG202741,cmpl-59yPtlzHCZNKllLyUwK7VyA5kx0dz,book,prop up a wobbly table,NA,NA,3,4
566,CEG202742,cmpl-59yPtlzHCZNKllLyUwK7VyA5kx0dz,book,kill spider,NA,NA,1,5
567,CEG202743,cmpl-59yPtlzHCZNKllLyUwK7VyA5kx0dz,book,paperweight,NA,NA,2,5
568,CEG202744,cmpl-59yPtlzHCZNKllLyUwK7VyA5kx0dz,book,start a fire in an emergency situation,NA,NA,2,4
569,CEG202745,cmpl-59yPtlzHCZNKllLyUwK7VyA5kx0dz,book,can,NA,NA,4,1
570,CEG202746,cmpl-59yPwhlYbej0ZZ97vhCtmafSY4p2A,book,Make a book into a lampshade,NA,NA,4,3
571,CEG202747,cmpl-59yPwhlYbej0ZZ97vhCtmafSY4p2A,book,Use old books as wall decor in your home,NA,NA,2,4
572,CEG202748,cmpl-59yPwhlYbej0ZZ97vhCtmafSY4p2A,book,jewelry box,NA,NA,5,3
573,CEG202749,cmpl-59yPwhlYbej0ZZ97vhCtmafSY4p2A,book,Make a purse out of an old book,NA,NA,5,3
574,CEG202750,cmpl-59yPwhlYbej0ZZ97vhCtmafSY4p2A,book,Create a memory box by decoupaging an old book with photos and mementos,NA,NA,3,4
575,CEG202751,cmpl-59yPwhlYbej0ZZ97vhCtmafSY4p2A,book,Cover the top of a coffee table,NA,NA,2,4
576,CEG202752,cmpl-59yPzZM1aaw99c6pJfULbmXj7zKGC,book,Using book as doorstop,NA,NA,2,5
577,CEG202753,cmpl-59yPzZM1aaw99c6pJfULbmXj7zKGC,book,Tearing out pages of a book to use as confetti,NA,NA,3,4
578,CEG202754,cmpl-59yPzZM1aaw99c6pJfULbmXj7zKGC,book,Making paper airplanes out of pages of book,2,5,2,5
579,CEG202755,cmpl-59yPzZM1aaw99c6pJfULbmXj7zKGC,book,Creating a sculpture by stacking books in an interesting way,NA,NA,4,4
580,CEG202756,cmpl-59yPzZM1aaw99c6pJfULbmXj7zKGC,book,Building a fort by surrounding yourself with stacked books,NA,NA,4,3
579,CEG202754,cmpl-59yPzZM1aaw99c6pJfULbmXj7zKGC,book,coloring on pages of book,NA,NA,1,5
581,CEG202757,cmpl-59yPzZM1aaw99c6pJfULbmXj7zKGC,book,Drawing on pages of book,NA,NA,1,5
582,CEG202758,cmpl-59yQ3nFTwCh0Ju7tUhCjR3uhbKnbc,book,doorstop,NA,NA,2,5
583,CEG202759,cmpl-59yQ3nFTwCh0Ju7tUhCjR3uhbKnbc,book,prop up a table or other surface,NA,NA,3,4
584,CEG202760,cmpl-59yQ3nFTwCh0Ju7tUhCjR3uhbKnbc,book,paperweight,NA,NA,2,5
585,CEG202761,cmpl-59yQ3nFTwCh0Ju7tUhCjR3uhbKnbc,book,stacked and arranged to create interesting sculptures or shapes,NA,NA,3,4
586,CEG202762,cmpl-59yQ3nFTwCh0Ju7tUhCjR3uhbKnbc,book,cut open and its pages used as wrapping paper or for other crafts,NA,NA,3,4
587,CEG202763,cmpl-59yQ6KeBFDs03m3DiOrFtkPWEdmK1,book,doorstop,NA,NA,2,5
588,CEG202764,cmpl-59yQ6KeBFDs03m3DiOrFtkPWEdmK1,book,level a table or shelf,2,4,3,4
589,CEG202765,cmpl-59yQ6KeBFDs03m3DiOrFtkPWEdmK1,book,paperweight,NA,NA,2,5
590,CEG202766,cmpl-59yQ6KeBFDs03m3DiOrFtkPWEdmK1,book,prop up window or door,NA,NA,2,5
591,CEG202767,cmpl-59yQ6KeBFDs03m3DiOrFtkPWEdmK1,book,make artsuch as by decoupaging it onto another surface,NA,NA,2,4
592,CEG202768,cmpl-59yQA83xSiX0uLxUO233dkSCcDg1V,book,Turn it into a piece of art by painting or drawing on the cover,NA,NA,2,4
593,CEG202769,cmpl-59yQA83xSiX0uLxUO233dkSCcDg1V,book,Use it as doorstop,NA,NA,2,5
594,CEG202770,cmpl-59yQA83xSiX0uLxUO233dkSCcDg1V,book,Decorate with it by wrapping it in pretty paper and ribbon,NA,NA,2,4
595,CEG202771,cmpl-59yQA83xSiX0uLxUO233dkSCcDg1V,book,Cut out images from pages to make collage,NA,NA,2,5
596,CEG202772,cmpl-59yQA83xSiX0uLxUO233dkSCcDg1V,book,Make a mobile out of old books by hanging them from the ceiling with string or wire,NA,NA,5,3
597,CEG202773,cmpl-59yQEubI50PnbC2ed2DRGlzz5mwTz,book,Make a lamp shade out of an old book,NA,NA,4,3
598,CEG202774,cmpl-59yQEubI50PnbC2ed2DRGlzz5mwTz,book,Cut out the pages of an old book and use them as coasters,NA,NA,3,4
599,CEG202775,cmpl-59yQEubI50PnbC2ed2DRGlzz5mwTz,book,Use old book as door stop,NA,NA,2,5
600,CEG202776,cmpl-59yQEubI50PnbC2ed2DRGlzz5mwTz,book,Stack a few books together to use as a makeshift stool or table,NA,NA,3,3
601,CEG202777,cmpl-59yQEubI50PnbC2ed2DRGlzz5mwTz,book,Tear out the pages of an old book and use them as wall art or,NA,NA,3,4
602,CEG202778,cmpl-59yQHVhoEhfh6tcQ6R0iFiW2zt8Bi,book,door stop,NA,NA,2,5
603,CEG202779,cmpl-59yQHVhoEhfh6tcQ6R0iFiW2zt8Bi,book,start a fire,NA,NA,2,4
604,CEG202780,cmpl-59yQHVhoEhfh6tcQ6R0iFiW2zt8Bi,book,make paper airplanes,NA,NA,2,4
605,CEG202781,cmpl-59yQHVhoEhfh6tcQ6R0iFiW2zt8Bi,book,coaster for your beverage,NA,NA,2,5
606,CEG202782,cmpl-59yQHVhoEhfh6tcQ6R0iFiW2zt8Bi,book,given as gift even if you haven't read it yet!,NA,NA,1,5
608,CEG202783,cmpl-59yQLBAmoJlusWtDBmMlzl0gpifCj,fork,back scratcher,2,5,2,5
609,CEG202784,cmpl-59yQLBAmoJlusWtDBmMlzl0gpifCj,fork,remove lint from clothing,2,5,2,5
610,CEG202785,cmpl-59yQLBAmoJlusWtDBmMlzl0gpifCj,fork,toothpick,2,4,3,4
611,CEG202786,cmpl-59yQLBAmoJlusWtDBmMlzl0gpifCj,fork,apply makeupsuch as mascara or lipstick.,3,2,3,2
612,CEG202787,cmpl-59yQLBAmoJlusWtDBmMlzl0gpifCj,fork,style hairsuch as in braids or upd,2,4,2,4
613,CEG202788,cmpl-59yQOBRnDIgoPxtl0iZBI8Kty9nl8,fork,Use a fork to eat cake without getting your hands dirty,1,5,1,5
614,CEG202789,cmpl-59yQOBRnDIgoPxtl0iZBI8Kty9nl8,fork,Stick a fork in an electrical outlet to see if it's still working,3,3,3,3
615,CEG202790,cmpl-59yQOBRnDIgoPxtl0iZBI8Kty9nl8,fork,Use a fork to test the doneness of meat,1,5,1,5
616,CEG202791,cmpl-59yQOBRnDIgoPxtl0iZBI8Kty9nl8,fork,Hold a fork like a microphone and give impromptu speeches,3,4,3,4
617,CEG202792,cmpl-59yQOBRnDIgoPxtl0iZBI8Kty9nl8,fork,Juggle forks with friends for entertainment,3,3,3,3
618,CEG202793,cmpl-59yQOBRnDIgoPxtl0iZBI8Kty9nl8,fork,Make music with,3,4,3,4
619,CEG202794,cmpl-59yQQcHGSj7HN8K98VSctR3gsTTV5,fork,Fork as a bookmark,2,5,2,5
620,CEG202795,cmpl-59yQQcHGSj7HN8K98VSctR3gsTTV5,fork,Use fork to apply makeup,3,2,3,2
621,CEG202796,cmpl-59yQQcHGSj7HN8K98VSctR3gsTTV5,fork,Paint with a fork,3,2,3,2
622,CEG202797,cmpl-59yQQcHGSj7HN8K98VSctR3gsTTV5,fork,Draw with a fork,3,3,3,3
623,CEG202798,cmpl-59yQQcHGSj7HN8K98VSctR3gsTTV5,fork,Eat an entire meal with a fork,1,4,1,4
624,CEG202799,cmpl-59yQQcHGSj7HN8K98VSctR3gsTTV5,fork,Cook with a fork,1,5,1,5
625,CEG202800,cmpl-59yQQcHGSj7HN8K98VSctR3gsTTV5,fork,Clean with a fork,2,3,2,3
626,CEG202801,cmpl-59yQQcHGSj7HN8K98VSctR3gsTTV5,fork,Decorate with a fork,2,4,2,4
627,CEG202802,cmpl-59yQQcHGSj7HN8K98VSctR3gsTTV5,fork,Play music with a fork,3,3,3,3
628,CEG202803,cmpl-59yQQcHGSj7HN8K98VSctR3gsTTV5,fork,Use as a utensil,1,5,1,5
629,CEG202804,cmpl-59yQUX94gZwoEVKJ3agTr74VCxKeh,fork,Use a fork to eat soup without making a mess,2,3,2,3
630,CEG202805,cmpl-59yQUX94gZwoEVKJ3agTr74VCxKeh,fork,Stick a fork in your hair to hold it back while you cook,2,4,2,4
631,CEG202806,cmpl-59yQUX94gZwoEVKJ3agTr74VCxKeh,fork,Use a fork to play the drums,3,4,3,4
632,CEG202807,cmpl-59yQUX94gZwoEVKJ3agTr74VCxKeh,fork,Use a fork to open a bottle of beer,2,4,2,4
633,CEG202808,cmpl-59yQUX94gZwoEVKJ3agTr74VCxKeh,fork,Use a fork as a bookmark in your favorite book,2,5,2,5
634,CEG202809,cmpl-59yQUX94gZwoEVKJ3agTr74VCxKeh,fork,Stick a few forks in the ground,2,5,2,5
635,CEG202810,cmpl-59yQXu3UYI29IndH5n0C9QgqxQAUr,fork,Pick up leaves with a fork,2,5,2,5
636,CEG202811,cmpl-59yQXu3UYI29IndH5n0C9QgqxQAUr,fork,Make a mini garden rake,2,4,2,4
637,CEG202812,cmpl-59yQXu3UYI29IndH5n0C9QgqxQAUr,fork,Scrape the bottom of your shoes with a fork,2,5,2,5
638,CEG202813,cmpl-59yQXu3UYI29IndH5n0C9QgqxQAUr,fork,Get lint out of your clothes with a fork,2,5,2,5
639,CEG202814,cmpl-59yQXu3UYI29IndH5n0C9QgqxQAUr,fork,Curl your hair with a fork (tines facing in),2,4,2,4
640,CEG202815,cmpl-59yQXu3UYI29IndH5n0C9QgqxQAUr,fork,Use as chopsticks!,2,4,2,4
641,CEG202816,cmpl-59yQXu3UYI29IndH5n0C9QgqxQAUr,fork,Eat spaghetti like Lady,1,5,1,5
642,CEG202817,cmpl-59yQcLCdVJkTgq0PnFY4gTc695mRZ,fork,Use a fork to eat your cereal instead of a spoon,1,5,1,5
643,CEG202818,cmpl-59yQcLCdVJkTgq0PnFY4gTc695mRZ,fork,Stick a fork in an electrical outlet to see if it's still working,3,3,3,3
644,CEG202819,cmpl-59yQcLCdVJkTgq0PnFY4gTc695mRZ,fork,Use a fork as a comb for your hair,2,4,2,4
645,CEG202820,cmpl-59yQcLCdVJkTgq0PnFY4gTc695mRZ,fork,Use a fork to play the piano,3,3,3,3
646,CEG202821,cmpl-59yQcLCdVJkTgq0PnFY4gTc695mRZ,fork,Stick forks into the ground to make garden markers,2,4,2,4
647,CEG202822,cmpl-59yQcLCdVJkTgq0PnFY4gTc695mRZ,fork,Make wind chimes out of,3,3,3,3
648,CEG202823,cmpl-59yQgge4lJCoANiACsRX2AMbQJjCj,fork,Use a fork to eat soup without making a mess,2,3,2,3
649,CEG202824,cmpl-59yQgge4lJCoANiACsRX2AMbQJjCj,fork,Use a fork to stir your coffee or tea,1,5,1,5
650,CEG202825,cmpl-59yQgge4lJCoANiACsRX2AMbQJjCj,fork,Use a fork to eat yogurt without getting your hands messy,2,4,2,4
651,CEG202826,cmpl-59yQgge4lJCoANiACsRX2AMbQJjCj,fork,Use a fork to get the last bit of ketchup out of the bottle,2,4,2,4
652,CEG202827,cmpl-59yQgge4lJCoANiACsRX2AMbQJjCj,fork,Use a fork to eat ice cream without dripping it all over yourself,2,5,2,5
653,CEG202828,cmpl-59yQkIKSqxqQnIUEZhuNVQvkADELj,fork,eat foodof course!,1,5,1,5
654,CEG202829,cmpl-59yQkIKSqxqQnIUEZhuNVQvkADELj,fork,play the forks - a musical instrument made by rubbing two metal forks together,3,4,3,4
655,CEG202830,cmpl-59yQkIKSqxqQnIUEZhuNVQvkADELj,fork,hold back your hair while you're washing your face,2,4,2,4
656,CEG202831,cmpl-59yQkIKSqxqQnIUEZhuNVQvkADELj,fork,dig in the dirt - great for small planting jobs,2,5,2,5
658,CEG202832,cmpl-59yQp1CEjEldmRnr4EScobvJeZK62,fork,bookmark,2,5,2,5
659,CEG202833,cmpl-59yQp1CEjEldmRnr4EScobvJeZK62,fork,hold down a stack of papers,2,4,2,4
660,CEG202834,cmpl-59yQp1CEjEldmRnr4EScobvJeZK62,fork,scrape dirt off your shoes,2,5,2,5
661,CEG202835,cmpl-59yQp1CEjEldmRnr4EScobvJeZK62,fork,pick up small objects like coins or beads,2,5,2,5
662,CEG202836,cmpl-59yQp1CEjEldmRnr4EScobvJeZK62,fork,hairpin or bobby pin,2,4,2,4
663,CEG202837,cmpl-59yQtsvXwW0njm8gXQFJeXv6u3Ny6,fork,Use a fork to comb your hair,2,4,2,4
664,CEG202838,cmpl-59yQtsvXwW0njm8gXQFJeXv6u3Ny6,fork,Use a fork as a toothpick,2,4,2,4
665,CEG202839,cmpl-59yQtsvXwW0njm8gXQFJeXv6u3Ny6,fork,Stick a fork in an electrical outlet to see if it's still working,3,3,3,3
666,CEG202840,cmpl-59yQtsvXwW0njm8gXQFJeXv6u3Ny6,fork,Use a fork to pick up small items like paperclips or coins off the floor,2,4,2,4
668,CEG202841,cmpl-59yQwHV6vCOakJVZ1CHiqG682ktNg,fork,back scratcher,2,5,2,5
669,CEG202842,cmpl-59yQwHV6vCOakJVZ1CHiqG682ktNg,fork,pick up small items like coins or beads,2,5,2,5
670,CEG202843,cmpl-59yQwHV6vCOakJVZ1CHiqG682ktNg,fork,fluff up a pillow,3,4,3,4
671,CEG202844,cmpl-59yQwHV6vCOakJVZ1CHiqG682ktNg,fork,mix paints together,2,5,2,5
672,CEG202845,cmpl-59yQwHV6vCOakJVZ1CHiqG682ktNg,fork,hairpin or hair tie,2,4,2,4
673,CEG202846,cmpl-59yR0KAeBWyKIom3Ru5Zw3lv9SAPq,fork,stir a drink,1,5,1,5
674,CEG202847,cmpl-59yR0KAeBWyKIom3Ru5Zw3lv9SAPq,fork,eat food with one hand,1,5,1,5
675,CEG202848,cmpl-59yR0KAeBWyKIom3Ru5Zw3lv9SAPq,fork,hold food while cutting it with a knife,1,5,1,5
676,CEG202849,cmpl-59yR0KAeBWyKIom3Ru5Zw3lv9SAPq,fork,makeshift toothpick,2,4,2,4
677,CEG202850,cmpl-59yR0KAeBWyKIom3Ru5Zw3lv9SAPq,fork,play the piano (by pressing on the tines,3,3,3,3
678,CEG202851,cmpl-59yR6IGKESjByzO1qGnZld0AJaqz7,fork,play the xylophone,3,4,3,4
679,CEG202852,cmpl-59yR6IGKESjByzO1qGnZld0AJaqz7,fork,toothpick.,2,4,2,4
680,CEG202853,cmpl-59yR6IGKESjByzO1qGnZld0AJaqz7,fork,If you bend a forkyou can use it as a curling iron for your hair.,3,4,3,4
681,CEG202854,cmpl-59yR6IGKESjByzO1qGnZld0AJaqz7,fork,eat soup without making a mess,2,3,2,3
682,CEG202855,cmpl-59yR6IGKESjByzO1qGnZld0AJaqz7,fork,comb your hair,2,4,2,4
683,CEG202856,cmpl-59yR9cLdTgNszzxAPHHMxTJaSOxVp,fork,Use a fork to make patterns in sand or dirt,2,5,2,5
684,CEG202857,cmpl-59yR9cLdTgNszzxAPHHMxTJaSOxVp,fork,Stick a fork in a potted plant to help support it,2,5,2,5
685,CEG202858,cmpl-59yR9cLdTgNszzxAPHHMxTJaSOxVp,fork,Use a fork as a bookmark,2,5,2,5
686,CEG202859,cmpl-59yR9cLdTgNszzxAPHHMxTJaSOxVp,fork,Hang forks on a string to make wind chimes or mobile art,3,3,3,3
687,CEG202860,cmpl-59yR9cLdTgNszzxAPHHMxTJaSOxVp,fork,Make music with forks by tapping them on different surfaces and experiment with different sounds!,3,5,3,5
688,CEG202861,cmpl-59yRDVaQRerSxPHw5w2J42In6nOuj,fork,bookmark,2,5,2,5
689,CEG202862,cmpl-59yRDVaQRerSxPHw5w2J42In6nOuj,fork,make music by hitting it against different surfaces,3,5,3,5
690,CEG202863,cmpl-59yRDVaQRerSxPHw5w2J42In6nOuj,fork,toothpick,2,4,3,4
691,CEG202864,cmpl-59yRDVaQRerSxPHw5w2J42In6nOuj,fork,eat food without getting your hands dirty,1,5,1,5
692,CEG202865,cmpl-59yRDVaQRerSxPHw5w2J42In6nOuj,fork,play with your food before you eat it,2,5,2,5
693,CEG202866,cmpl-59yRGy3JQfUzn0g36zZMVjgD585DM,fork,Eating food with a fork,1,5,1,5
694,CEG202867,cmpl-59yRGy3JQfUzn0g36zZMVjgD585DM,fork,Picking up food that has fallen on floor,2,5,1,5
695,CEG202868,cmpl-59yRGy3JQfUzn0g36zZMVjgD585DM,fork,Using a fork to hold a piece of food while cutting it with a knife,1,5,1,5
696,CEG202869,cmpl-59yRGy3JQfUzn0g36zZMVjgD585DM,fork,Spear vegetables or fruit for juicing or smoothies,1,5,1,5
697,CEG202870,cmpl-59yRGy3JQfUzn0g36zZMVjgD585DM,fork,Twirling pasta around a fork before eating it,1,5,1,5
698,CEG202871,cmpl-59yRGy3JQfUzn0g36zZMVjgD585DM,fork,Making patterns in soft foods like mashed potatoes,1,5,1,5
699,CEG202872,cmpl-59yRGy3JQfUzn0g36zZMVjgD585DM,fork,Mix,1,5,1,5
700,CEG202873,cmpl-59yRLA523w3plqAXDQYHxvOKhwpa5,fork,Pick up small things like beads or glitter,2,5,2,5
701,CEG202874,cmpl-59yRLA523w3plqAXDQYHxvOKhwpa5,fork,Stir a drink,1,5,1,5
702,CEG202875,cmpl-59yRLA523w3plqAXDQYHxvOKhwpa5,fork,Eat spaghetti,1,5,1,5
703,CEG202876,cmpl-59yRLA523w3plqAXDQYHxvOKhwpa5,fork,Hold onto foods like chicken wings so you don't make a mess,1,5,1,5
704,CEG202877,cmpl-59yRLA523w3plqAXDQYHxvOKhwpa5,fork,Help cut soft foods,1,5,1,5
705,CEG202878,cmpl-59yRLA523w3plqAXDQYHxvOKhwpa5,fork,Use as a back scratcher,2,5,3,4
706,CEG202879,cmpl-59yRLA523w3plqAXDQYHxvOKhwpa5,fork,Make music- use as drumsticks on pots and pans,3,5,3,5
708,CEG202880,cmpl-59yRPWbNnWM3F9JmgHccub0konNBc,fork,Use a fork to add extra flavor to your cooking by marinating meat or poultry in a flavorful sauce before grilling or baking,1,5,1,5
709,CEG202881,cmpl-59yRPWbNnWM3F9JmgHccub0konNBc,fork,Get creative with breakfast and make eggs benedict on a waffle for a delicious and unique twist,2,4,2,4
710,CEG202882,cmpl-59yRPWbNnWM3F9JmgHccub0konNBc,fork,Create elegant hors d'oeuvres by spearing fruitcheeseand other bite-sized foods on toothp,2,4,2,4
711,CEG202883,cmpl-59yRSXOeZw4YuFQoz76O6ILTti5Is,can,telephone,NA,NA,3,3
712,CEG202884,cmpl-59yRSXOeZw4YuFQoz76O6ILTti5Is,can,candle holder,NA,NA,3,5
713,CEG202885,cmpl-59yRSXOeZw4YuFQoz76O6ILTti5Is,can,vase,NA,NA,3,5
714,CEG202886,cmpl-59yRSXOeZw4YuFQoz76O6ILTti5Is,can,pencil holder,2,5,2,5
715,CEG202887,cmpl-59yRSXOeZw4YuFQoz76O6ILTti5Is,can,An ashtray,2,5,2,5
716,CEG202888,cmpl-59yRSXOeZw4YuFQoz76O6ILTti5Is,can,coin bank,NA,NA,2,5
717,CEG202889,cmpl-59yRSXOeZw4YuFQoz76O6ILTti5Is,can,doorstop,NA,NA,3,5
718,CEG202890,cmpl-59yRSXOeZw4YuFQoz76O6ILTti5Is,can,paperweight,NA,NA,4,4
719,CEG202891,cmpl-59yRSXOeZw4YuFQoz76O6ILTti5Is,can,bird feeder,NA,NA,3,4
720,CEG202892,cmpl-59yRSXOeZw4YuFQoz76O6ILTti5Is,can,planter,NA,NA,3,5
721,CEG202893,cmpl-59yRVpZuAwaoWw73EtoUBJW7fg5Lh,can,vase for flowers,NA,NA,3,5
722,CEG202894,cmpl-59yRVpZuAwaoWw73EtoUBJW7fg5Lh,can,pencil holder,2,5,2,5
723,CEG202895,cmpl-59yRVpZuAwaoWw73EtoUBJW7fg5Lh,can,hold paintbrushes,NA,NA,3,5
724,CEG202896,cmpl-59yRVpZuAwaoWw73EtoUBJW7fg5Lh,can,store small items such as paperclips or buttons,2,5,2,5
725,CEG202897,cmpl-59yRVpZuAwaoWw73EtoUBJW7fg5Lh,can,coin bank,NA,NA,2,5
726,CEG202898,cmpl-59yRZnb6HBojt6uDGgjAu4pIyBTBJ,can,vase,NA,NA,3,5
727,CEG202899,cmpl-59yRZnb6HBojt6uDGgjAu4pIyBTBJ,can,Cut the top off of a tin can and use it as a pencil holder,2,5,2,5
728,CEG202900,cmpl-59yRZnb6HBojt6uDGgjAu4pIyBTBJ,can,Use a tin can as a planter for small plants or succulents,3,4,3,4
729,CEG202901,cmpl-59yRZnb6HBojt6uDGgjAu4pIyBTBJ,can,Make a wind chime out of a few tin cans and some string or fishing line,3,3,3,3
731,CEG202902,cmpl-59yRfMSgH8Q9qVHZ6JBRKPw0XscHX,can,could be used as a vase for flowers,3,4,3,4
732,CEG202903,cmpl-59yRfMSgH8Q9qVHZ6JBRKPw0XscHX,can,a pencil holder on a desk,2,5,2,5
733,CEG202904,cmpl-59yRfMSgH8Q9qVHZ6JBRKPw0XscHX,can,could be used to hold paintbrushes in an artist's studio,3,5,3,5
734,CEG202905,cmpl-59yRfMSgH8Q9qVHZ6JBRKPw0XscHX,can,coin bank,NA,NA,2,5
735,CEG202906,cmpl-59yRfMSgH8Q9qVHZ6JBRKPw0XscHX,can,telephone could be made by punching holes in two cans,2,4,2,4
736,CEG202907,cmpl-59yRiLY9wu9D9rvsBLagcf3e4pDKV,can,could be used as a planter for small plants or herbs,3,4,3,4
737,CEG202908,cmpl-59yRiLY9wu9D9rvsBLagcf3e4pDKV,can,could be used as a pencil holder on a desk,2,5,2,5
738,CEG202909,cmpl-59yRiLY9wu9D9rvsBLagcf3e4pDKV,can,could be used to hold paintbrushes in an artist's studio,3,5,3,5
739,CEG202910,cmpl-59yRiLY9wu9D9rvsBLagcf3e4pDKV,can,could be used as a vase for fresh flowers or artificial flowers,3,4,3,4
740,CEG202911,cmpl-59yRnJWzZABeI9Av9TyahA0sIOMoV,can,telephone,NA,NA,3,3
741,CEG202912,cmpl-59yRnJWzZABeI9Av9TyahA0sIOMoV,can,candle holder,NA,NA,3,5
742,CEG202913,cmpl-59yRnJWzZABeI9Av9TyahA0sIOMoV,can,plant pot,NA,NA,3,5
743,CEG202914,cmpl-59yRnJWzZABeI9Av9TyahA0sIOMoV,can,piñata,NA,NA,4,3
743,CEG202915,cmpl-59yRnJWzZABeI9Av9TyahA0sIOMoV,can,pinata,NA,NA,4,3
744,CEG202916,cmpl-59yRnJWzZABeI9Av9TyahA0sIOMoV,can,wind chime,NA,NA,4,3
745,CEG202917,cmpl-59yRnJWzZABeI9Av9TyahA0sIOMoV,can,bird feeder,NA,NA,3,4
746,CEG202918,cmpl-59yRnJWzZABeI9Av9TyahA0sIOMoV,can,lampshade,NA,NA,4,4
747,CEG202919,cmpl-59yRnJWzZABeI9Av9TyahA0sIOMoV,can,pen holder,2,5,2,5
749,CEG202920,cmpl-59yRqK6vS1lbpAYZgMZoDC8jX2s5w,can,vase,NA,NA,3,5
750,CEG202921,cmpl-59yRqK6vS1lbpAYZgMZoDC8jX2s5w,can,piggy bank,NA,NA,2,5
751,CEG202922,cmpl-59yRqK6vS1lbpAYZgMZoDC8jX2s5w,can,candle holder,NA,NA,3,5
752,CEG202923,cmpl-59yRqK6vS1lbpAYZgMZoDC8jX2s5w,can,ice cream container,2,5,1,5
753,CEG202924,cmpl-59yRqK6vS1lbpAYZgMZoDC8jX2s5w,can,lunch box,3,3,3,3
754,CEG202925,cmpl-59yRqK6vS1lbpAYZgMZoDC8jX2s5w,can,storage container for small items,2,5,1,5
755,CEG202926,cmpl-59yRqK6vS1lbpAYZgMZoDC8jX2s5w,can,planter,NA,NA,3,5
756,CEG202927,cmpl-59yRqK6vS1lbpAYZgMZoDC8jX2s5w,can,bird feeder,NA,NA,3,4
757,CEG202928,cmpl-59yRqK6vS1lbpAYZgMZoDC8jX2s5w,can,wind chime,NA,NA,4,3
758,CEG202929,cmpl-59yRsxdsDgFmeI9RHAHYoVh2UgQwq,can,could be used as a vase for small flowers,3,4,3,4
759,CEG202930,cmpl-59yRsxdsDgFmeI9RHAHYoVh2UgQwq,can,could be used to hold pencils or other small stationary items.,2,5,2,5
760,CEG202931,cmpl-59yRsxdsDgFmeI9RHAHYoVh2UgQwq,can,could be used as a candle holder,2,4,2,4
761,CEG202932,cmpl-59yRsxdsDgFmeI9RHAHYoVh2UgQwq,can,could be used to store loose change,2,5,2,5
762,CEG202933,cmpl-59yRsxdsDgFmeI9RHAHYoVh2UgQwq,can,telephone: two people each have a string,2,4,2,4
763,CEG202934,cmpl-59yRwaYlsQyosWKPAoIP1hDVl49IO,can,could be used as a vase,3,4,3,4
764,CEG202935,cmpl-59yRwaYlsQyosWKPAoIP1hDVl49IO,can,could be used as a pencil holder,2,5,2,5
765,CEG202936,cmpl-59yRwaYlsQyosWKPAoIP1hDVl49IO,can,could be used to hold paintbrushes,2,5,2,5
766,CEG202937,cmpl-59yRwaYlsQyosWKPAoIP1hDVl49IO,can,could be used as a pot for a plant,3,4,3,4
767,CEG202938,cmpl-59yRwaYlsQyosWKPAoIP1hDVl49IO,can,could be used as a doorstop,2,4,2,4
769,CEG202939,cmpl-59yS1zlJc4yEIFliiEzVetjIOofEI,can,could be used as a plant pot,3,4,3,4
770,CEG202940,cmpl-59yS1zlJc4yEIFliiEzVetjIOofEI,can,a storage container for small objects such as buttonsjewelryor coins.,2,5,2,5
771,CEG202941,cmpl-59yS1zlJc4yEIFliiEzVetjIOofEI,can,could be used as a candle holder,2,4,2,4
772,CEG202942,cmpl-59yS1zlJc4yEIFliiEzVetjIOofEI,can,make a wind chime by attaching it to other objects such as shells or beads,3,3,3,3
773,CEG202943,cmpl-59yS4k62yx0CDlij4M0maikPS7Nmz,can,coin bank,NA,NA,2,5
774,CEG202944,cmpl-59yS4k62yx0CDlij4M0maikPS7Nmz,can,candle holder,NA,NA,3,5
775,CEG202945,cmpl-59yS4k62yx0CDlij4M0maikPS7Nmz,can,hold small plants or flowers,3,4,3,4
776,CEG202946,cmpl-59yS4k62yx0CDlij4M0maikPS7Nmz,can,storage container for pens and pencilspaper clipsetc.,2,5,2,5
778,CEG202947,cmpl-59yS79ehpLrnN9KcIFtyrUEedXNUt,can,Make a pencil holder by painting and decorating a tin can,2,5,2,5
779,CEG202948,cmpl-59yS79ehpLrnN9KcIFtyrUEedXNUt,can,Use a tin can as a planter for small succulents or cacti,3,4,3,4
780,CEG202949,cmpl-59yS79ehpLrnN9KcIFtyrUEedXNUt,can,vase or candle holder by wrapping it in twine or ribbon,3,4,3,4
781,CEG202950,cmpl-59yS79ehpLrnN9KcIFtyrUEedXNUt,can,Create fun patterns on,3,4,3,3
782,CEG202951,cmpl-59ySBLShnZRbMIroCuk6r1jtoFSoV,can,could be used as a planter for small plants or succulents,3,4,3,4
783,CEG202952,cmpl-59ySBLShnZRbMIroCuk6r1jtoFSoV,can,cute and easy vase by wrapping twine or yarn around the middle,3,4,3,4
784,CEG202953,cmpl-59ySBLShnZRbMIroCuk6r1jtoFSoV,can,Make a set of coasters by decoupaging old magazine pages onto tin cans and sealing with clear Mod Podge,3,4,3,4
785,CEG202954,cmpl-59ySBLShnZRbMIroCuk6r1jtoFSoV,can,Use an empty tin,1,5,1,5
786,CEG202955,cmpl-59ySFHYS4G8bMycEcyaQbOMs5cUh6,can,could be used as a vase,3,4,3,4
787,CEG202956,cmpl-59ySFHYS4G8bMycEcyaQbOMs5cUh6,can,could be used as a pencil holder,2,5,2,5
788,CEG202957,cmpl-59ySFHYS4G8bMycEcyaQbOMs5cUh6,can,could be used to hold small office supplies like paperclips or pushpins,2,5,2,5
789,CEG202958,cmpl-59ySFHYS4G8bMycEcyaQbOMs5cUh6,can,with both ends cut off could be used as a planter for small plants or succulents,3,4,3,4
791,CEG202959,cmpl-59ySJsyHzK2YHSy0T6W37MWXzK0aV,can,container for a homemade candle,2,4,2,4
792,CEG202960,cmpl-59ySJsyHzK2YHSy0T6W37MWXzK0aV,can,vase for flowers,NA,NA,3,5
793,CEG202961,cmpl-59ySJsyHzK2YHSy0T6W37MWXzK0aV,can,pencil holder,2,5,2,5
794,CEG202962,cmpl-59ySJsyHzK2YHSy0T6W37MWXzK0aV,can,storage container for small items such as hair clips or jewelry,2,5,2,5
795,CEG202963,cmpl-59ySJsyHzK2YHSy0T6W37MWXzK0aV,can,plant pot,NA,NA,3,5
796,CEG202964,cmpl-59ySJsyHzK2YHSy0T6W37MWXzK0aV,can,money box,NA,NA,2,5
797,CEG202965,cmpl-59ySJsyHzK2YHSy0T6W37MWXzK0aV,can,piggy bank,NA,NA,2,5
798,CEG202966,cmpl-59ySJsyHzK2YHSy0T6W37MWXzK0aV,can,candle holder,NA,NA,3,5
799,CEG202967,cmpl-59ySJsyHzK2YHSy0T6W37MWXzK0aV,can,lampshade,NA,NA,4,4
800,CEG202968,cmpl-59ySJsyHzK2YHSy0T6W37MWXzK0aV,can,tissue box cover,3,4,4,5
801,CEG202969,cmpl-59ySLEoumJUFQIBeMourguKl63Hd7,can,Create a vase or flower pot,3,4,3,4
802,CEG202970,cmpl-59ySLEoumJUFQIBeMourguKl63Hd7,can,Make a wind chime,3,3,3,3
803,CEG202971,cmpl-59ySLEoumJUFQIBeMourguKl63Hd7,can,Use as a pencil holder,2,5,2,5
804,CEG202972,cmpl-59ySLEoumJUFQIBeMourguKl63Hd7,can,Decorate and use as a jewelry box,2,4,2,4
805,CEG202973,cmpl-59ySLEoumJUFQIBeMourguKl63Hd7,can,Fill with treats and use as a dog toy,4,3,4,3
806,CEG202974,cmpl-59ySLEoumJUFQIBeMourguKl63Hd7,can,Use as party favor cups or fill with candles for wedding table decorations,3,4,3,4
807,CEG202975,cmpl-59ySPvIcRvSasC17RrZwg81HyHEQa,can,telephone,NA,NA,3,3
808,CEG202976,cmpl-59ySPvIcRvSasC17RrZwg81HyHEQa,can,lantern,NA,NA,3,4
809,CEG202977,cmpl-59ySPvIcRvSasC17RrZwg81HyHEQa,can,stove,NA,NA,2,3
810,CEG202978,cmpl-59ySPvIcRvSasC17RrZwg81HyHEQa,can,solar oven,NA,NA,4,2
811,CEG202979,cmpl-59ySPvIcRvSasC17RrZwg81HyHEQa,can,pinhole camera,NA,NA,4,4
812,CEG202980,cmpl-59ySPvIcRvSasC17RrZwg81HyHEQa,can,wind chime,NA,NA,4,3
813,CEG202981,cmpl-59ySPvIcRvSasC17RrZwg81HyHEQa,can,bird feeder,NA,NA,3,4
814,CEG202982,cmpl-59ySPvIcRvSasC17RrZwg81HyHEQa,can,plant pot,NA,NA,3,5
815,CEG202983,cmpl-59ySPvIcRvSasC17RrZwg81HyHEQa,can,soap dish,NA,NA,3,4
817,CEG202984,cmpl-59ySSFYX1Mhi8Dk5POGScOVs4gYx0,can,could be used as a vase for flowers,3,4,3,4
818,CEG202985,cmpl-59ySSFYX1Mhi8Dk5POGScOVs4gYx0,can,could be used to hold paintbrushes and other painting supplies,2,5,2,5
819,CEG202986,cmpl-59ySSFYX1Mhi8Dk5POGScOVs4gYx0,can,could be used as a desk tidy to hold penspencilspaperclipsetc,2,5,2,5
820,CEG202987,cmpl-59ySSFYX1Mhi8Dk5POGScOVs4gYx0,can,could be used to store coins or other small items,2,5,2,5
147,CEG202988,cmpl-4zrZ42wRutcDFNibsKTG97iSLThCM,book,make a papier-m√¢ch√© mask or sculpture,3,3,3,3
274,CEG202989,cmpl-4zraZpLyhHci56f4QhgT4B7SmCvrt,fork,Stick a fork in an electrical outlet to see if it¥s still working.,3,3,3,3
379,CEG202990,cmpl-4zrbjCwsB0SqWvKxicy8LGk53flyr,can,Use a tin can to make your own mini pi√±ata filled with candy or other treats,3,4,3,4
460,CEG202991,cmpl-4zrche9QeGMpmfsGYV3xuiIbbFgVW,can,Make a mini pi√±ata out of a tin can ‚Äì perfect for parties or decoration!,3,4,3,4
463,CEG202992,cmpl-4zrckGN0dM4lds8vCNfKvayt3Ir4z,can,Make a mini pi√±ata by filling a small tin can with candy then covering the opening with paper and securing it with tape or glue,3,4,3,4
